https://www.webstaurantstore.com/bakers-mark-21-gallon-white-mobile-ingredient-storage-bin-with-lid/176BIN21GL.html;Baker's Mark 21 Gallon / 335 Cup White Slant Top Mobile Ingredient Storage Bin with Sliding Lid & Scoop;;$139.99;400012292149
https://www.webstaurantstore.com/bakers-mark-6-x-6-x-3-white-auto-popup-window-bakery-box-case/245663WB.html;"Baker's Mark 6"" x 6"" x 3"" White Auto-Popup Window Bakery Box - 200/Case";;$56.33;400012736148
https://www.webstaurantstore.com/16-x-12-x-2-1-4-white-auto-popup-window-donut-bakery-box-case/24516122WB.html;"Baker's Mark 16"" x 12"" x 2 1/4"" White Auto-Popup Window Donut / Bakery Box - 100/Case";;$69.60;400012735929
https://www.webstaurantstore.com/19-x-14-x-4-kraft-half-sheet-cake-bakery-box-bundle/24519144CBK.html;"Baker's Mark 19"" x 14"" x 4"" Kraft Half Sheet Cake / Bakery Box - 50/Bundle";;$53.83;707282239967
https://www.webstaurantstore.com/bakers-mark-27-gallon-white-mobile-ingredient-storage-bin-with-lid/176BIN27GL.html;Baker's Mark 27 Gallon / 430 Cup White Slant Top Mobile Ingredient Storage Bin with Sliding Lid & Scoop;;$159.99;789313130467
https://www.webstaurantstore.com/bakers-mark-9-x-9-x-2-1-2-kraft-auto-popup-window-bakery-box-case/245993WBK.html;"Baker's Mark 9"" x 9"" x 2 1/2"" Kraft Auto-Popup Window Bakery Box - 200/Case";;$70.28;
https://www.webstaurantstore.com/bakers-mark-10-corrugated-grease-resistant-white-cake-circle-case/245CCGR10.html;"Baker's Mark 10"" White Corrugated Grease-Resistant Cake Circle - 100/Case";;$25.45;
https://www.webstaurantstore.com/9-x-7-x-3-1-2-white-auto-popup-window-cake-bakery-box-bundle/245973WB.html;"Baker's Mark 9"" x 7"" x 3 1/2"" White Auto-Popup Window Cake / Bakery Box - 200/Bundle";;$93.65;707282224581
https://www.webstaurantstore.com/12-x-8-x-2-1-4-white-auto-popup-window-donut-bakery-box-case/2451282WB.html;"Baker's Mark 12"" x 8"" x 2 1/4"" White Auto-Popup Window Donut / Bakery Box - 200/Case";;$101.89;400012736087
https://www.webstaurantstore.com/bakers-mark-18-x-26-x-3-dough-proofing-box/176DB18263.html;"Baker's Mark 18"" x 26"" x 3"" White Heavy-Duty Polypropylene Dough Proofing Box";;$12.99;10811642058291
https://www.webstaurantstore.com/8-x-5-3-4-x-2-1-2-white-auto-popup-window-cake-bakery-box-bundle/245852WB.html;"Baker's Mark 8"" x 5 3/4"" x 2 1/2"" White Auto-Popup Window Cake / Bakery Box - 200/Bundle";;$68.13;
https://www.webstaurantstore.com/14-x-10-x-4-white-window-cake-bakery-box-bundle/24514104WB.html;"Baker's Mark 14"" x 10"" x 4"" White Window Cake / Bakery Box - 100/Bundle";;$71.27;707282225106
https://www.webstaurantstore.com/bakers-mark-12-x-8-x-2-1-4-white-auto-popup-donut-bakery-box-case/2451282CB.html;"Baker's Mark 12"" x 8"" x 2 1/4"" White Auto-Popup Donut / Bakery Box - 200/Case";;$69.64;707282216708
https://www.webstaurantstore.com/15-x-11-1-2-x-2-1-4-white-auto-popup-donut-bakery-box-bundle/24515112CB.html;"Baker's Mark 15"" x 11 1/2"" x 2 1/4"" White Auto-Popup Donut / Bakery Box - 100/Bundle";;$49.85;707282012393
https://www.webstaurantstore.com/bakers-mark-full-size-18-gauge-18-x-26-wire-in-rim-aluminum-bun-pan-sheet-pan/176BUNFULL18.html;"Baker's Mark Full Size 18 Gauge 18"" x 26"" Wire in Rim Aluminum Bun Pan / Sheet Pan";;$9.00;400014175167
https://www.webstaurantstore.com/bakers-mark-12-corrugated-grease-resistant-white-cake-circle-case/245CCGR12.html;"Baker's Mark 12"" White Corrugated Grease-Resistant Cake Circle - 100/Case";;$33.14;
https://www.webstaurantstore.com/bakers-mark-half-size-18-gauge-13-x-18-wire-in-rim-aluminum-bun-sheet-pan/176BUNHALF18.html;"Baker's Mark Half Size 18 Gauge 13"" x 18"" Wire in Rim Aluminum Bun / Sheet Pan";;$6.97;400014175174
https://www.webstaurantstore.com/bakers-mark-19-x-14-corrugated-grease-resistant-white-half-sheet-cake-pad-case/245CCGR1914.html;"Baker's Mark 19"" x 14"" White Corrugated Grease-Resistant Half Sheet Cake Pad - 50/Case";;$29.59;
https://www.webstaurantstore.com/bakers-mark-6-x-6-x-3-kraft-auto-popup-window-bakery-box-bundle/245663WBK.html;"Baker's Mark 6"" x 6"" x 3"" Kraft Auto-Popup Window Bakery Box - 200/Bundle";;$57.61;400014118690
https://www.webstaurantstore.com/bakers-mark-5-loaf-glazed-aluminum-baguette-french-bread-pan-26-x-3-x-1-compartments/176BAGPAN5AS.html;"Baker's Mark 5 Loaf Glazed Aluminum Baguette / French Bread Pan - 26"" x 3"" x 1"" Compartments";;$42.17;400010070893
https://www.webstaurantstore.com/bakers-mark-16-7-16-x-24-1-2-stainless-steel-footed-wire-cooling-rack-pan-grate-for-full-size-sheet-pan/176CRKFULLSS.html;"Baker's Mark 16 7/16"" x 24 1/2"" Stainless Steel Footed Wire Cooling Rack / Pan Grate for Full Size Sheet Pan";;$16.14;400014224889
https://www.webstaurantstore.com/bakers-mark-8-corrugated-grease-resistant-white-cake-circle-case/245CCGR8.html;"Baker's Mark 8"" White Corrugated Grease-Resistant Cake Circle - 100/Case";;$17.90;
https://www.webstaurantstore.com/19-x-14-x-4-kraft-half-sheet-window-cake-bakery-box-case/24519144WBK.html;"Baker's Mark 19"" x 14"" x 4"" Kraft Half Sheet Window Cake / Bakery Box - 50/Case";;$62.00;707282239998
https://www.webstaurantstore.com/4-1-2-x-4-1-2-x-4-1-2-white-window-cupcake-bakery-box-case/245444WBXL.html;"Baker's Mark 4 1/2"" x 4 1/2"" x 4 1/2"" White Window Cupcake / Bakery Box - 200/Case";;$70.44;707282242295
https://www.webstaurantstore.com/bakers-mark-10-gallon-160-cup-white-round-ingredient-storage-bin-with-white-snap-on-lid/176IB10W.html;Baker's Mark 10 Gallon / 160 Cup White Round Ingredient Storage Bin with White Lid;;$20.46;400014101609
https://www.webstaurantstore.com/14-x-10-x-4-kraft-quarter-sheet-auto-popup-window-cake-bakery-box-case/24514104WBK.html;"Baker's Mark 14"" x 10"" x 4"" Kraft Quarter Sheet Auto-Popup Window Cake / Bakery Box - 100/Case";;$75.63;400012366000
https://www.webstaurantstore.com/14-x-10-x-4-white-auto-popup-window-cake-bakery-box-bundle/24514104WBA.html;"Baker's Mark 14"" x 10"" x 4"" White Auto-Popup Window Cake / Bakery Box - 100/Bundle";;$85.72;707282225120
https://www.webstaurantstore.com/bakers-mark-white-1-piece-candy-apple-box-with-window-case/245444W.html;Baker's Mark White 1-Piece Candy Apple Box with Window - 100/Case;;$25.41;400012210235
https://www.webstaurantstore.com/25-7-8-x-18-1-16-x-4-white-full-sheet-corrugated-cake-bakery-box-bottom-bundle/245CBB25183.html;"Baker's Mark 25 7/8"" x 18 1/16"" x 4"" White Full Sheet Corrugated Cake / Bakery Box Bottom - 25/Bundle";;$44.39;400010041022
https://www.webstaurantstore.com/bakers-mark-18-x-26-x-6-dough-proofing-box/176DB18266.html;"Baker's Mark 18"" x 26"" x 6"" White Heavy-Duty Polypropylene Dough Proofing Box";;$16.17;40811642030199
https://www.webstaurantstore.com/9-x-4-x-3-1-2-white-auto-popup-window-donut-bakery-box-case/245944WB.html;"Baker's Mark 9"" x 4"" x 3 1/2"" White Auto-Popup Window Donut / Bakery Box - 200/Case";;$75.93;707282225038
https://www.webstaurantstore.com/bakers-mark-20-gallon-320-cup-round-white-flat-top-mobile-ingredeint-storage-bin-with-snap-on-lid/176IBM20W.html;Baker's Mark 20 Gallon / 320 Cup Round White Flat Top Mobile Ingredient Storage Bin with Lid;;$52.93;400013687166
https://www.webstaurantstore.com/bakers-mark-14-x-10-corrugated-grease-resistant-white-quarter-sheet-cake-pad-case/245CCGR1410.html;"Baker's Mark 13 3/4"" x 9 3/4"" White Corrugated Grease-Resistant Quarter Sheet Cake Pad - 100/Case";;$32.14;
https://www.webstaurantstore.com/bakers-mark-15-x-11-1-2-x-2-1-4-kraft-auto-popup-donut-bakery-box-bundle/24515112CBK.html;"Baker's Mark 15"" x 11 1/2"" x 2 1/4"" Kraft Auto-Popup Donut / Bakery Box - 100/Bundle";;$47.86;400014118683
https://www.webstaurantstore.com/8-x-8-x-4-kraft-auto-popup-window-cake-bakery-box-case/245884WBK.html;"Baker's Mark 8"" x 8"" x 4"" Kraft Auto-Popup Window Cake / Bakery Box - 150/Case";;$71.15;400012365768
https://www.webstaurantstore.com/bakers-mark-9-x-9-x-4-kraft-auto-popup-window-bakery-box-case/245994WBK.html;"Baker's Mark 9"" x 9"" x 4"" Kraft Auto-Popup Window Bakery Box - 150/Case";;$82.78;400012365973
https://www.webstaurantstore.com/12-x-12-x-5-white-window-cake-bakery-box-bundle/24512125WB.html;"Baker's Mark 12"" x 12"" x 5"" White Window Cake / Bakery Box - 100/Bundle";;$83.59;707282225090
https://www.webstaurantstore.com/bakers-mark-heavy-duty-half-size-16-gauge-13-x-18-wire-in-rim-aluminum-bun-sheet-pan/176BUNHALF16.html;"Baker's Mark Heavy-Duty Half Size 16 Gauge 13"" x 18"" Wire in Rim Aluminum Bun / Sheet Pan";;$6.25;400014175204
https://www.webstaurantstore.com/bakers-mark-heavy-duty-full-size-16-gauge-glazed-18-x-26-wire-rim-aluminum-fully-perforated-sheet-bun-pan/176FULLFPERF.html;"Baker's Mark Heavy-Duty Full Size 16 Gauge Glazed 18"" x 26"" Wire Rim Aluminum Fully Perforated Sheet / Bun Pan";;$25.40;10843018020670
https://www.webstaurantstore.com/bakers-mark-9-corrugated-grease-resistant-white-cake-circle-case/245CCGR9.html;"Baker's Mark 9"" White Corrugated Grease-Resistant Cake Circle - 100/Case";;$21.84;
https://www.webstaurantstore.com/bakers-mark-heavy-duty-full-size-16-gauge-18-x-26-wire-in-rim-aluminum-perforated-bun-sheet-pan/176FULLDPERF.html;"Baker's Mark Heavy-Duty Full Size 16 Gauge 18"" x 26"" Wire in Rim Aluminum Perforated Bun / Sheet Pan";;$11.97;400014175259
https://www.webstaurantstore.com/bakers-mark-32-gallon-510-cup-white-flat-top-mobile-ingredient-storage-bin-with-snap-on-lid/176IBM32SQ.html;Baker's Mark 32 Gallon / 510 Cup White Flat Top Mobile Ingredient Storage Bin with Lid;;$68.01;400013657404
https://www.webstaurantstore.com/6-x-4-1-2-x-2-3-4-white-cake-bakery-box-bundle/245653CB.html;"Baker's Mark 6"" x 4 1/2"" x 2 3/4"" White Cake / Bakery Box - 250/Bundle";;$32.74;707282009034
https://www.webstaurantstore.com/10-x-10-x-5-kraft-window-cake-bakery-box-case/24510105WBK.html;"Baker's Mark 10"" x 10"" x 5"" Kraft Window Cake / Bakery Box - 150/Case";;$90.35;707282239981
https://www.webstaurantstore.com/reversible-cupcake-insert-standard-holds-12-cupcakes-case/245CUPIN12.html;Baker's Mark Reversible Cupcake Insert - Standard - Holds 12 Cupcakes - 200/Case;;$35.62;707282242769
https://www.webstaurantstore.com/10-1-4-x-8-x-4-white-auto-popup-window-cake-donut-bakery-box-case/2451084WB.html;"Baker's Mark 10 1/4"" x 8"" x 4"" White Auto-Popup Window Cake / Donut / Bakery Box - 200/Case";;$116.26;707282225083
https://www.webstaurantstore.com/window-cupcake-bakery-box-4-x-4-x-4-case/245444WB.html;"Baker's Mark Window Cupcake / Bakery Box 4"" x 4"" x 4"" - 200/Case";;$62.23;707282234931
https://www.webstaurantstore.com/bakers-mark-2-lb-glazed-aluminized-steel-pullman-bread-loaf-pan-16-x-4-x-4/176PPN1642AS.html;"Baker's Mark 2 lb. Glazed Aluminized Steel Pullman Bread Loaf Pan - 16"" x 4"" x 4""";;$14.80;843018020628
https://www.webstaurantstore.com/26-1-2-x-18-5-8-x-3-white-auto-popup-window-full-sheet-cake-bakery-box-top-bundle/24525183WBTP.html;"Baker's Mark 26 1/2"" x 18 5/8"" x 3"" White Auto-Popup Window Full Sheet Cake / Bakery Box Top - 50/Bundle";;$50.38;707282224598
https://www.webstaurantstore.com/bakers-mark-25-1-2-x-17-1-2-corrugated-grease-resistant-white-full-sheet-cake-pad-case/245CCGR2518.html;"Baker's Mark 25 1/2"" x 17 1/2"" White Corrugated Grease-Resistant Full Sheet Cake Pad - 50/Case";;$48.75;
https://www.webstaurantstore.com/bakers-mark-12-6-gallon-200-cup-clip-in-shelf-ingredient-bin-with-flip-lid-and-scoop/176IB200C.html;Baker's Mark 12.6 Gallon / 200 Cup Clip-In Shelf Ingredient Bin with Flip Lid and Scoop;;$84.99;400014228634
https://www.webstaurantstore.com/bakers-mark-12-x-12-x-6-kraft-cake-bakery-box-bundle/24512126CBK.html;"Baker's Mark 12"" x 12"" x 6"" Kraft Cake / Bakery Box - 50/Bundle";;$37.14;400014118676
https://www.webstaurantstore.com/bakers-mark-6-corrugated-grease-resistant-white-cake-circle-case/245CCGR6.html;"Baker's Mark 6"" White Corrugated Grease-Resistant Cake Circle - 100/Case";;$11.68;
https://www.webstaurantstore.com/bakers-mark-18x26-dough-proofing-box-dolly/176DB1826DLY.html;"Baker's Mark 18"" x 26"" Dough Proofing Box Dolly";;$54.99;400013490896
https://www.webstaurantstore.com/bakers-mark-16-7-16-x-24-1-2-stainless-steel-footed-wire-icing-rack-cooling-rack-for-full-size-sheet-pan/176IRKFULLSS.html;"Baker's Mark 16 7/16"" x 24 1/2"" Stainless Steel Footed Wire Icing Rack / Cooling Rack for Full Size Sheet Pan";;$14.71;400014224902
https://www.webstaurantstore.com/bakers-mark-12-x-16-stainless-steel-footed-wire-cooling-rack-pan-grate-for-half-size-sheet-pan/176CRKHALFSS.html;"Baker's Mark 12"" x 16"" Stainless Steel Footed Wire Cooling Rack / Pan Grate for Half Size Sheet Pan";;$9.23;400014224926
https://www.webstaurantstore.com/4-1-2-x-4-1-2-x-4-1-2-white-cupcake-bakery-box-case/245444CBXL.html;"Baker's Mark 4 1/2"" x 4 1/2"" x 4 1/2"" White Cupcake / Bakery Box - 200/Case";;$44.07;400010546367
https://www.webstaurantstore.com/bakers-mark-heavy-duty-quarter-size-16-gauge-9-x-13-wire-in-rim-aluminum-bun-sheet-pan/176BUNQTR16.html;"Baker's Mark Heavy-Duty Quarter Size 16 Gauge 9"" x 13"" Wire in Rim Aluminum Bun / Sheet Pan";;$5.21;400014175211
https://www.webstaurantstore.com/bakers-mark-32-gallon-510-cup-round-white-flat-top-mobile-ingredient-storage-bin-with-lid/176IBM32W.html;Baker's Mark 32 Gallon / 510 Cup Round White Flat Top Mobile Ingredient Storage Bin with Lid;;$64.22;400013687203
https://www.webstaurantstore.com/bakers-mark-14-corrugated-grease-resistant-white-cake-circle-case/245CCGR14.html;"Baker's Mark 14"" White Corrugated Grease-Resistant Cake Circle - 100/Case";;$45.50;
https://www.webstaurantstore.com/bakers-mark-18x26-dough-proofing-box-dolly/176DB1826DLY.html;"Baker's Mark 18"" x 26"" Dough Proofing Box Dolly";;$54.99;400013490896
https://www.webstaurantstore.com/bakers-mark-7-corrugated-grease-resistant-white-cake-circle-case/245CCGR7.html;"Baker's Mark 7"" White Corrugated Grease-Resistant Cake Circle - 100/Case";;$15.07;707282287616
https://www.webstaurantstore.com/bakers-mark-allergen-safe-10-gallon-white-round-ingredient-bin-with-purple-lid/176IB10WP.html;Baker's Mark Allergen-Safe 10 Gallon / 160 Cup White Round Ingredient Storage Bin with Purple Lid;;$23.71;400013431301
https://www.webstaurantstore.com/reversible-cupcake-insert-standard-holds-6-cupcakes-case/245CUPIN6W.html;"Baker's Mark Reversible Cupcake Insert for 10"" x 10"" Box - Standard - Holds 6 Cupcakes - 200/Case";;$29.90;707282242752
https://www.webstaurantstore.com/4-1-2-x-4-1-2-x-4-1-2-white-cupcake-bakery-box-case/245444CBXL.html;"Baker's Mark 4 1/2"" x 4 1/2"" x 4 1/2"" White Cupcake / Bakery Box - 200/Case";;$44.07;400010546367
https://www.webstaurantstore.com/bakers-mark-aluminum-sub-sandwich-roll-pan-5-molds/176SUBPAN5A.html;Baker's Mark Glazed Aluminum Sub Sandwich Roll Pan - 5 Molds;;$25.23;10843018020632
https://www.webstaurantstore.com/9-round-dry-wax-parchment-pan-liner-case/150DWC9%20%20%20%20%201000.html;"Baker's Mark 9"" Round Dry Wax Parchment Pan Liner - 1000/Case";;$16.54;033814615153
https://www.webstaurantstore.com/7-round-dry-wax-parchment-pan-liner-case/150DWC7%20%20%20%20%201000.html;"Baker's Mark 7"" Round Dry Wax Parchment Pan Liner - 1000/Case";;$12.71;033814615054
https://www.webstaurantstore.com/bakers-mark-14-corrugated-grease-resistant-white-cake-circle-case/245CCGR14.html;"Baker's Mark 14"" White Corrugated Grease-Resistant Cake Circle - 100/Case";;$45.50;
https://www.webstaurantstore.com/bakers-mark-6-loaf-glazed-aluminum-baguette-french-bread-pan-26-x-2-7-16-x-1-compartments/176BAGPAN6AS.html;"Baker's Mark 6 Loaf Glazed Aluminum Baguette / French Bread Pan - 26"" x 2 7/16"" x 1"" Compartments";;$39.32;10843018020137
https://www.webstaurantstore.com/bakers-mark-heavy-duty-quarter-size-16-gauge-9-x-13-bead-rim-aluminum-bun-sheet-pan/176BUNQTR16O.html;"Baker's Mark Heavy-Duty Quarter Size 16 Gauge 9"" x 13"" Open Bead Rim Aluminum Bun / Sheet Pan";;$5.21;400014175228
https://www.webstaurantstore.com/bakers-mark-1-2-lb-white-1-piece-candy-box-case/245050.html;Baker's Mark 1/2 lb. White 1-Piece Auto-Popup Candy Box - 250/Case;;$32.68;
https://www.webstaurantstore.com/bakers-mark-6-3-gallon-100-cup-clip-in-shelf-ingredient-bin-with-flip-lid-and-scoop/176IB100C.html;Baker's Mark 6.3 Gallon / 100 Cup Clip-In Shelf Ingredient Bin with Flip Lid and Scoop;;$69.99;400014228627
https://www.webstaurantstore.com/bakers-mark-9-x-1-1-4-16-gauge-aluminum-pie-pan/176PIEPAN9.html;"Baker's Mark 9"" x 1 1/4"" 16 Gauge Aluminum Pie Pan";;$2.77;
https://www.webstaurantstore.com/bakers-mark-18-x-60-ingredient-bin-shelving-kit-with-12-clip-in-shelf-bins/176IBSK1860C.html;"Baker's Mark 18"" x 60"" Ingredient Bin Shelving Kit with 12 Clip-In Shelf Bins";;$859.00;400015227674
https://www.webstaurantstore.com/19-x-14-x-6-1-2-white-half-sheet-window-cake-bakery-box-case/24519146WB.html;"Baker's Mark 19"" x 14"" x 6 1/2"" White Half Sheet Window Cake / Bakery Box - 50/Case";;$76.04;400012736230
https://www.webstaurantstore.com/bakers-mark-20-gallon-320-cup-white-round-stationary-ingredient-storage-bin-with-white-snap-on-lid/176IB20W.html;Baker's Mark 20 Gallon / 320 Cup White Round Ingredient Storage Bin with White Lid;;$27.29;400014101593
https://www.webstaurantstore.com/20-x-14-1-2-x-4-pink-half-sheet-cake-bakery-box-bundle/24520154CBP.html;"Baker's Mark 20"" x 14 1/2"" x 4"" Pink Half Sheet Cake / Bakery Box - 50/Bundle";;$58.13;707282008976
https://www.webstaurantstore.com/bakers-mark-6-x-6-x-3-kraft-pie-bakery-box-bundle/245663CBK.html;"Baker's Mark 6"" x 6"" x 3"" Kraft Pie / Bakery Box - 250/Bundle";;$36.45;400014118706
https://www.webstaurantstore.com/bakers-mark-1-lb-white-1-piece-candy-box-case/245100.html;Baker's Mark 1 lb. White 1-Piece Auto-Popup Candy Box - 250/Case;;$40.17;
https://www.webstaurantstore.com/bakers-mark-full-size-16-gauge-18-x-26-wire-rim-aluminum-bun-sheet-pan/407FULL16G.html;"Baker's Mark Heavy Duty Full Size 16 Gauge 18"" x 26"" Wire Rim Aluminum Bun / Sheet Pan";;$10.46;400013158376
https://www.webstaurantstore.com/bakers-mark-32-oz-clear-plastic-utility-and-ice-scoop/176BINSCOOP.html;Baker's Mark 32 oz. Clear Plastic Utility and Ice Scoop;;$8.89;400012305153
https://www.webstaurantstore.com/bakers-mark-1-1-2-lb-glazed-aluminized-steel-pullman-bread-loaf-pan-13-x-4-x-4/176PP13415AS.html;"Baker's Mark 1 1/2 lb. Glazed Aluminized Steel Pullman Bread Loaf Pan - 13"" x 4"" x 4""";;$14.42;10843018020618
https://www.webstaurantstore.com/reversible-cupcake-insert-standard-holds-1-cupcake-case/245CUPIN1X.html;"Baker's Mark Reversible Cupcake Insert for 4"" x 4"" Box- Standard - Holds 1 Cupcake - 200/Case";;$13.97;
https://www.webstaurantstore.com/bakers-mark-16-corrugated-grease-resistant-white-cake-circle-case/245CCGR16.html;"Baker's Mark 16"" White Corrugated Grease-Resistant Cake Circle - 100/Case";;$56.28;
https://www.webstaurantstore.com/bakers-mark-allergen-safe-20-gallon-white-round-ingredient-bin-with-purple-lid-and-gray-dolly/176IBM20WP.html;Baker's Mark Allergen-Safe 20 Gallon / 320 Cup White Round Mobile Ingredient Storage Bin with Purple Lid and Gray Dolly;;$55.44;400013431424
https://www.webstaurantstore.com/bakers-mark-32-gallon-510-cup-white-flat-top-ingredient-storage-bin-with-snap-on-lid/176IB32SQ.html;Baker's Mark 32 Gallon / 510 Cup White Flat Top Ingredient Storage Bin with Lid;;$44.97;400014184879
https://www.webstaurantstore.com/12-round-dry-wax-parchment-pan-liner-case/150DWC12%20%20%20%201000.html;"Baker's Mark 12"" Round Dry Wax Parchment Pan Liner - 1000/Case";;$29.14;
https://www.webstaurantstore.com/bakers-mark-1-lb-4-strap-glazed-aluminized-steel-bread-loaf-pan-9-x-4-1-2-x-2-3-4/176SLPN4X1L.html;"Baker's Mark 1 lb. 4-Strap Glazed Aluminized Steel Bread Loaf Pan - 9"" x 4 1/2"" x 2 3/4""";;$42.08;400010071036
https://www.webstaurantstore.com/reversible-cupcake-insert-standard-holds-4-cupcakes-case/245CUPIN4.html;Baker's Mark Reversible Cupcake Insert - Standard - Holds 4 Cupcakes - 200/Case;;$21.70;707282242745
https://www.webstaurantstore.com/bakers-mark-3-8-lb-4-strap-glazed-aluminized-steel-bread-loaf-pan-5-5-8-x-3-1-8-x-2-3-16/176SLPN4X38.html;"Baker's Mark 3/8 lb. 4-Strap Glazed Aluminized Steel Bread Loaf Pan - 5 5/8"" x 3 1/8"" x 2 3/16""";;$20.60;400010070749
https://www.webstaurantstore.com/bakers-mark-2-6-gallon-40-cup-clip-in-shelf-ingredient-bin-with-flip-lid-and-scoop/176IB40C.html;Baker's Mark 2.6 Gallon / 40 Cup Clip-In Shelf Ingredient Bin with Flip Lid and Scoop;;$29.99;400014228610
https://www.webstaurantstore.com/bakers-mark-18-x-72-ingredient-bin-shelving-kit-with-15-clip-in-shelf-bins/176IBSK1872C.html;"Baker's Mark 18"" x 72"" Ingredient Bin Shelving Kit with 15 Clip-In Shelf Bins";;$1,069.00;400015227681
https://www.webstaurantstore.com/bakers-mark-18-x-48-ingredient-bin-shelving-kit-with-10-clip-in-shelf-bins/176IBSK1848C.html;"Baker's Mark 18"" x 48"" Ingredient Bin Shelving Kit with 10 Clip-In Shelf Bins";;$739.00;400014228726
https://www.webstaurantstore.com/bakers-mark-12-x-1-1-4-16-gauge-aluminum-pie-pan/176PIEPAN12.html;"Baker's Mark 12"" x 1 1/4"" 16 Gauge Aluminum Pie Pan";;$4.60;789313023752
https://www.webstaurantstore.com/bakers-mark-glazed-aluminized-steel-sliding-cover-for-pullman-bread-pan-16-x-4/176PPNCVR16.html;"Baker's Mark Glazed Aluminized Steel Sliding Cover for Pullman Bread Pan - 16"" x 4""";;$11.36;400010070848
https://www.webstaurantstore.com/bakers-mark-14-x-14-x-6-kraft-cake-bakery-box-bundle/24514146CBK.html;"Baker's Mark 14"" x 14"" x 6"" Kraft Cake / Bakery Box - 50/Bundle";;$43.71;400014118713
https://www.webstaurantstore.com/bakers-mark-heavy-duty-eighth-size-16-gauge-6-1-2-x-9-1-2-wire-in-rim-aluminum-bun-sheet-pan/176BUNEGT16.html;"Baker's Mark Heavy-Duty Eighth Size 16 Gauge 6 1/2"" x 9 1/2"" Wire in Rim Aluminum Bun / Sheet Pan";;$3.48;400014175235
https://www.webstaurantstore.com/bakers-mark-4-loaf-glazed-aluminum-baguette-french-bread-pan-26-x-3-7-8-x-1-compartments/176BAGPAN4AS.html;"Baker's Mark 4 Loaf Glazed Aluminum Baguette / French Bread Pan - 26"" x 3 7/8"" x 1"" Compartments";;$32.97;400010070732
https://www.webstaurantstore.com/14-x-10-x-6-1-2-white-quarter-sheet-window-cake-bakery-box-case/24514106WB.html;"Baker's Mark 14"" x 10"" x 6 1/2"" White Quarter Sheet Window Cake / Bakery Box - 100/Case";;$96.48;707282225113
https://www.webstaurantstore.com/bakers-mark-26-x-18-x-3-white-dough-proofing-set-with-plastic-dolly-pack/176DB6WW3MKT.html;"Baker's Mark 26"" x 18"" x 3"" White Dough Proofing Set with Plastic Dolly - 6/Pack";;$162.49;400015356930
https://www.webstaurantstore.com/bakers-mark-10-x-1-1-4-16-gauge-aluminum-pie-pan/176PIEPAN10.html;"Baker's Mark 10"" x 1 1/4"" 16 Gauge Aluminum Pie Pan";;$3.16;
https://www.webstaurantstore.com/bakers-mark-1-lb-aluminized-steel-glazed-bread-loaf-pan-9-x-4-1-2-x-2-3-4/176BPAN942.html;"Baker's Mark 1 lb. Glazed Aluminized Steel Bread Loaf Pan - 9"" x 4 1/2"" x 2 3/4""";;$8.37;843018020284
https://www.webstaurantstore.com/bakers-mark-1-lb-4-strap-glazed-aluminized-steel-bread-loaf-pan-8-1-2-x-4-1-2-x-2-3-4/176SLPN4X1.html;"Baker's Mark 1 lb. 4-Strap Glazed Aluminized Steel Bread Loaf Pan - 8 1/2"" x 4 1/2"" x 2 3/4""";;$40.12;400010070763
https://www.webstaurantstore.com/26-1-2-x-18-1-2-x-3-white-full-sheet-cake-bakery-box-top-bundle/245CBT26183.html;"Baker's Mark 26 1/2"" x 18 1/2"" x 3"" White Full Sheet Cake / Bakery Box Top - 50/Bundle";;$38.87;
https://www.webstaurantstore.com/bakers-mark-printed-1-piece-candy-apple-box-with-window-case/245444PW.html;Baker's Mark Printed 1-Piece Candy Apple Box with Window - 100/Case;;$39.23;400010477968
https://www.webstaurantstore.com/bakers-mark-3-x-2-aluminum-mini-cheesecake-pan-with-removable-bottom/176RCPAN32A.html;"Baker's Mark 3"" x 2"" Aluminum Mini Cheesecake Pan with Removable Bottom";;$4.44;400010608966
https://www.webstaurantstore.com/bakers-mark-allergen-safe-32-gallon-white-round-ingredient-bin-with-purple-lid-and-gray-dolly/176IBM32WP.html;Baker's Mark Allergen-Safe 32 Gallon / 510 Cup White Round Mobile Ingredient Storage Bin with Purple Lid and Gray Dolly;;$65.82;400013431448
https://www.webstaurantstore.com/bakers-mark-1-4-lb-white-1-piece-auto-popup-candy-box-case/245025.html;Baker's Mark 1/4 lb. White 1-Piece Auto-Popup Candy Box - 250/Case;;$29.74;400013007612
https://www.webstaurantstore.com/reversible-cupcake-insert-standard-holds-6-cupcakes-case/245CUPIN6.html;"Baker's Mark Reversible Cupcake Insert for 9"" x 7"" Box - Standard - Holds 6 Cupcakes - 200/Case";;$23.71;707282232586
https://www.webstaurantstore.com/19-1-2-x-14-x-4-pink-half-sheet-cake-bakery-box-bundle/24520144CBP.html;"Baker's Mark 19 1/2"" x 14"" x 4"" Pink Half Sheet Cake / Bakery Box - 50/Case";;$63.23;400011444976
https://www.webstaurantstore.com/bakers-mark-1-lb-glazed-aluminized-steel-bread-loaf-pan-8-1-2-x-4-1-2-x-2-3-4/176BPAN8542.html;"Baker's Mark 1 lb. Glazed Aluminized Steel Bread Loaf Pan - 8 1/2"" x 4 1/2"" x 2 3/4""";;$8.47;400010070503
https://www.webstaurantstore.com/bakers-mark-4-x-1-mini-16-gauge-aluminum-pie-pan/176PIEPAN4.html;"Baker's Mark 4"" x 1"" Mini 16 Gauge Aluminum Pie Pan";;$2.77;400014137646
https://www.webstaurantstore.com/14-x-10-x-5-pink-cake-bakery-box-bundle/24514105CBP.html;"Baker's Mark 14"" x 10"" x 5"" Pink Cake / Bakery Box - 100/Case";;$76.14;707282008921
https://www.webstaurantstore.com/reversible-cupcake-insert-standard-holds-2-cupcakes-case/245CUPIN2.html;Baker's Mark Reversible Cupcake Insert - Standard - Holds 2 Cupcakes - 200/Case;;$14.93;707282242882
https://www.webstaurantstore.com/bakers-mark-1-5-lb-aluminized-steel-glazed-bread-loaf-pan-10-x-5-x-3/176BPAN1053.html;"Baker's Mark 1.5 lb. Glazed Aluminized Steel Bread Loaf Pan - 10"" x 5"" x 3""";;$9.42;842169147123
https://www.webstaurantstore.com/bakers-mark-heavy-duty-half-size-16-gauge-13-x-18-wire-in-rim-aluminum-perforated-bun-sheet-pan/176HALFDPERF.html;"Baker's Mark Heavy-Duty Half Size 16 Gauge 13"" x 18"" Wire in Rim Aluminum Perforated Bun / Sheet Pan";;$10.03;400014175266
https://www.webstaurantstore.com/26-x-18-1-2-x-4-kraft-full-sheet-cake-bakery-box-bundle/245261804CBK.html;"Baker's Mark 26"" x 18 1/2"" x 4"" Kraft Full Sheet Cake / Bakery Box - 25/Case";;$38.32;707282239974
https://www.webstaurantstore.com/bakers-mark-10-x-3-aluminum-cheesecake-pan-with-removable-bottom/176RCPAN103A.html;"Baker's Mark 10"" x 3"" Aluminum Cheesecake Pan with Removable Bottom";;$12.74;400010608959
https://www.webstaurantstore.com/bakers-mark-19-3-8-x-14-1-16-x-5-white-half-sheet-corrugated-tray-bundle/245CBB20145.html;"Baker's Mark 19 3/8"" x 14 1/16"" X 5"" White Half Sheet Corrugated Tray - 50/Bundle";;$81.77;707282011778
https://www.webstaurantstore.com/bakers-mark-1-1-2-lb-4-strap-glazed-aluminized-steel-bread-loaf-pan-10-x-5-x-3/176SLPN4X15L.html;"Baker's Mark 1 1/2 lb. 4-Strap Glazed Aluminized Steel Bread Loaf Pan - 10"" x 5"" x 3""";;$49.49;400010071104
https://www.webstaurantstore.com/bakers-mark-12-x-16-half-size-quilon-coated-parchment-paper-bun-sheet-pan-liner-sheet-case/433QLINER2.html;"Baker's Mark 12"" x 16"" Half Size Quilon® Coated Parchment Paper Bun / Sheet Pan Liner Sheet - 1000/Case";;$20.58;787074001040
https://www.webstaurantstore.com/bakers-mark-375-lb-aluminized-steel-glazed-bread-loaf-pan-5-5-8-x-3-1-8-x-2-3-16/176BPAN532.html;"Baker's Mark 3/8 lb. Glazed Aluminized Steel Bread Loaf Pan - 5 5/8"" x 3 1/8"" x 2 3/16""";;$5.49;400010070459
https://www.webstaurantstore.com/bakers-mark-18-x-24-ingredient-bin-shelving-kit-with-5-clip-in-shelf-bins/176IBSK1824C.html;"Baker's Mark 18"" x 24"" Ingredient Bin Shelving Kit with 5 Clip-In Shelf Bins";;$404.49;400014228696
https://www.webstaurantstore.com/bakers-mark-11-x-1-1-4-16-gauge-aluminum-pie-pan/176PIEPAN11.html;"Baker's Mark 11"" x 1 1/4"" 16 Gauge Aluminum Pie Pan";;$3.74;400014137622
https://www.webstaurantstore.com/bakers-mark-heavy-duty-eighth-size-16-gauge-6-1-2-x-9-1-2-bead-rim-aluminum-bun-sheet-pan/176BUNEGT16O.html;"Baker's Mark Heavy-Duty Eighth Size 16 Gauge 6 1/2"" x 9 1/2"" Open Bead Rim Aluminum Bun / Sheet Pan";;$3.48;400014175242
https://www.webstaurantstore.com/bakers-mark-32-gallon-510-cup-white-round-stationary-ingredient-storage-bin-with-white-snap-on-lid/176IB32W.html;Baker's Mark 32 Gallon / 510 Cup White Round Ingredient Storage Bin with White Lid;;$36.78;400014101616
https://www.webstaurantstore.com/reversible-cupcake-muffin-insert-holds-12-mini-cupcakes-case/245CUPIN12M.html;Baker's Mark Reversible Cupcake / Muffin Insert - Holds 12 Mini Cupcakes - 200/Case;;$24.45;400010849758
https://www.webstaurantstore.com/bakers-mark-8-x-1-1-4-16-gauge-aluminum-pie-pan/176PIEPAN8.html;"Baker's Mark 8"" x 1 1/4"" 16 Gauge Aluminum Pie Pan";;$2.71;400014137592
https://www.webstaurantstore.com/bakers-mark-glazed-aluminized-steel-sliding-cover-for-pullman-bread-pan-13-x-4/176PPNCVR13.html;"Baker's Mark Glazed Aluminized Steel Sliding Cover for Pullman Bread Pan - 13"" x 4""";;$11.07;10843018021127
https://www.webstaurantstore.com/bakers-mark-1-lb-3-strap-glazed-aluminized-steel-bread-loaf-pan-8-1-2-x-4-1-2-x-2-3-4/176SLPN3X1.html;"Baker's Mark 1 lb. 3-Strap Glazed Aluminized Steel Bread Loaf Pan - 8 1/2"" x 4 1/2"" x 2 3/4""";;$34.36;400010599899
https://www.webstaurantstore.com/bakers-mark-6-3-gallon-100-cup-shelf-ingredient-bin-with-flip-lid-and-scoop/176IB100.html;Baker's Mark 6.3 Gallon / 100 Cup Shelf Ingredient Bin with Flip Lid and Scoop;;$52.99;400014228665
https://www.webstaurantstore.com/bakers-mark-9-x-3-aluminum-cheesecake-pan-with-removable-bottom/176RCPAN93A.html;"Baker's Mark 9"" x 3"" Aluminum Cheesecake Pan with Removable Bottom";;$11.20;400010608942
https://www.webstaurantstore.com/bakers-mark-allergen-safe-20-gallon-white-round-ingredient-bin-with-purple-lid/176IB20WP.html;Baker's Mark Allergen-Safe 20 Gallon / 320 Cup White Round Ingredient Storage Bin with Purple Lid;;$30.53;400013431370
https://www.webstaurantstore.com/bakers-mark-18-x-60-wall-mounted-ingredient-bin-shelving-kit-with-5-clip-in-shelf-bins/176IBSK860WC.html;"Baker's Mark 18"" x 60"" Wall-Mounted Ingredient Bin Shelving Kit with 5 Clip-In Shelf Bins";;$196.99;400015227704
https://www.webstaurantstore.com/bakers-mark-26-x-18-x-6-white-dough-proofing-set-with-plastic-dolly-pack/176DB6WW6MKT.html;"Baker's Mark 26"" x 18"" x 6"" White Dough Proofing Set with Plastic Dolly - 3/Pack";;$124.99;400015356947
https://www.webstaurantstore.com/bakers-mark-12-x-16-half-size-unbleached-quilon-coated-parchment-paper-bun-sheet-pan-liner-sheet-case/433NLINER2.html;"Baker's Mark 12"" x 16"" Half Size Unbleached Quilon® Coated Parchment Paper Bun / Sheet Pan Liner Sheet - 1000/Case";;$23.74;400011928124
https://www.webstaurantstore.com/bakers-mark-half-size-12-gauge-18-x-13-open-bead-rim-heavy-duty-aluminum-bun-sheet-pan/407HALF12G.html;"Baker's Mark Half Size NSF 12 Gauge 13"" x 18"" Open Bead Rim Heavy Duty Aluminum Bun / Sheet Pan";;$11.50;400013158437
https://www.webstaurantstore.com/bakers-mark-allergen-safe-32-gallon-white-round-ingredient-bin-with-purple-lid/176IB32WP.html;Baker's Mark Allergen-Safe 32 Gallon / 510 Cup White Round Ingredient Storage Bin with Purple Lid;;$39.25;400013431387
https://www.webstaurantstore.com/bakers-mark-1-5-lb-glazed-aluminized-steel-bread-loaf-pan-12-1-4-x-4-1-2-x-2-3-4/176BPAN1242.html;"Baker's Mark 1.5 lb. Glazed Aluminized Steel Bread Loaf Pan - 12 1/4"" x 4 1/2"" x 2 3/4""";;$8.74;400010070510
https://www.webstaurantstore.com/bakers-mark-75-lb-aluminized-steel-glazed-bread-loaf-pan-8-x-4-x-2-1-2/176BPAN842.html;"Baker's Mark 3/4 lb. Glazed Aluminized Steel Bread Loaf Pan - 8"" x 4"" x 2 1/2""";;$8.75;843018020260
https://www.webstaurantstore.com/bakers-mark-10-x-1-3-4-deep-dish-16-gauge-aluminum-pie-pan/176DPPAN10.html;"Baker's Mark 10"" x 1 3/4"" Deep Dish 16 Gauge Aluminum Pie Pan";;$6.33;400014137660
https://www.webstaurantstore.com/bakers-mark-quarter-size-non-stick-18-gauge-9-1-2-x-13-black-wire-in-rim-aluminum-bun-sheet-pan-tray/407BUNQRTRBK.html;"Baker's Mark Quarter Size 18 Gauge Non-Stick 9 1/2"" x 13"" Black Wire in Rim Aluminum Bun / Sheet Pan / Tray";;$11.10;400013371126
https://www.webstaurantstore.com/bakers-mark-eighth-size-non-stick-18-gauge-6-1-2-x-9-1-2-black-wire-in-rim-aluminum-bun-sheet-pan-tray/407BUNEGHTBK.html;"Baker's Mark Eighth Size 18 Gauge Non-Stick 6 1/2"" x 9 1/2"" Black Wire in Rim Aluminum Bun / Sheet Pan / Tray";;$9.41;400013371454
https://www.webstaurantstore.com/reversible-cupcake-muffin-insert-holds-2-muffins-or-jumbo-cupcakes-case/245CUPIN2J.html;Baker's Mark Reversible Cupcake / Muffin Insert - Holds 2 Muffins or Jumbo Cupcakes - 200/Case;;$15.11;707282243735
https://www.webstaurantstore.com/bakers-mark-9-x-2-aluminum-cheesecake-pan-with-removable-bottom/176RCPAN92A.html;"Baker's Mark 9"" x 2"" Aluminum Cheesecake Pan with Removable Bottom";;$9.78;10843018023886
https://www.webstaurantstore.com/bakers-mark-18-corrugated-grease-resistant-white-cake-circle-case/245CCGR18.html;"Baker's Mark 18"" White Corrugated Grease-Resistant Cake Circle - 100/Case";;$75.05;
https://www.webstaurantstore.com/bakers-mark-24-x-16-full-size-unbleached-quilon-coated-parchment-paper-bun-sheet-pan-liner-sheet-case/433NLINER.html;"Baker's Mark 24"" x 16"" Full Size Unbleached Quilon® Coated Parchment Paper Bun / Sheet Pan Liner Sheet - 1000/Case";;$35.88;078787900356
https://www.webstaurantstore.com/bakers-mark-18-x-36-wall-mounted-ingredient-bin-shelving-kit-with-3-clip-in-shelf-bins/176IBSK836WC.html;"Baker's Mark 18"" x 36"" Wall-Mounted Ingredient Bin Shelving Kit with 3 Clip-In Shelf Bins";;$126.49;400014228719
https://www.webstaurantstore.com/full-size-20-gauge-18-x-26-sanitary-open-bead-rim-stainless-steel-bun-pan-sheet-pan/407FULLSS.html;"Baker's Mark Full Size NSF 20 Gauge 18"" x 26"" Open Bead Rim Stainless Steel Bun Pan / Sheet Pan";;$37.94;10843018021486
https://www.webstaurantstore.com/reversible-cupcake-insert-standard-holds-1-cupcake-case/245CUPIN1.html;"Baker's Mark Reversible Cupcake Insert for 4 1/2"" x 4 1/2"" Box - Standard - Holds 1 Cupcake - 200/Case";;$13.33;707282242875
https://www.webstaurantstore.com/bakers-mark-9-1-8-x-1-3-4-deep-dish-16-gauge-aluminum-pie-pan/176DPPPAN9.html;"Baker's Mark 9 1/8"" x 1 3/4"" Deep Dish 16 Gauge Aluminum Pie Pan";;$5.27;400014137653
https://www.webstaurantstore.com/bakers-mark-16-x-24-full-size-silicone-coated-parchment-paper-bun-sheet-pan-liner-sheet-case/433SLINER.html;"Baker's Mark 16"" x 24"" Full Size Silicone Coated Parchment Paper Bun / Sheet Pan Liner Sheet - 1000/Case";;$56.40;696859159916
https://www.webstaurantstore.com/bakers-mark-10-gallon-160-cup-white-ingredient-bin/176IBM3BWH.html;Baker's Mark 10 Gallon / 160 Cup White Ingredient Bin;;$49.99;400015266475
https://www.webstaurantstore.com/bakers-mark-16-1-2-x-24-1-2-full-size-heavy-duty-perforated-silicone-non-stick-baking-mat/176MATSFOPRF.html;"Baker's Mark 16 1/2"" x 24 1/2"" Full Size Heavy-Duty Perforated Silicone Non-Stick Baking Mat";;$20.94;400014275225
https://www.webstaurantstore.com/bakers-mark-12-6-gallon-200-cup-shelf-ingredient-bin-with-flip-lid-and-scoop/176IB200.html;Baker's Mark 12.6 Gallon / 200 Cup Shelf Ingredient Bin with Flip Lid and Scoop;;$67.99;400014228672
https://www.webstaurantstore.com/bakers-mark-11-3-4-x-16-1-2-half-size-heavy-duty-silicone-mat/407MATSILHFB.html;"Baker's Mark 11 3/4"" x 16 1/2"" Half Size Heavy Duty Silicone Non-Stick Baking Mat";;$8.99;400013353979
https://www.webstaurantstore.com/bakers-mark-8-x-2-aluminum-cheesecake-pan-with-removable-bottom/176RCPAN82A.html;"Baker's Mark 8"" x 2"" Aluminum Cheesecake Pan with Removable Bottom";;$9.25;400010608911
https://www.webstaurantstore.com/bakers-mark-2-6-gallon-40-cup-shelf-ingredient-bin-with-flip-lid-and-scoop/176IB40.html;Baker's Mark 2.6 Gallon / 40 Cup Shelf Ingredient Bin with Flip Lid and Scoop;;$20.99;400014228658
https://www.webstaurantstore.com/26-x-18-1-2-x-4-pink-full-sheet-cake-bakery-box-bundle/245261804CBP.html;"Baker's Mark 26"" x 18 1/2"" x 4"" Pink Full Sheet Cake / Bakery Box - 25/Case";;$44.33;707282008983
https://www.webstaurantstore.com/bakers-mark-9-x-9-x-2-1-2-kraft-auto-popup-window-bakery-box-pack/999993WBK.html;"Baker's Mark 9"" x 9"" x 2 1/2"" Kraft Auto-Popup Window Pie / Bakery Box - 10/Pack";;$6.39;400013067654
https://www.webstaurantstore.com/bakers-mark-16-1-2-x-24-1-2-full-size-heavy-duty-orange-indexed-silicone-non-stick-baking-mat/176MATSFOI.html;"Baker's Mark 16 1/2"" x 24 1/2"" Full Size Heavy-Duty Orange Indexed Silicone Non-Stick Baking Mat";;$16.98;400014275119
https://www.webstaurantstore.com/half-size-20-gauge-18-x-13-sanitary-open-bead-rim-stainless-steel-bun-pan-sheet-pan/407HALFSS.html;"Baker's Mark Half Size NSF 20 Gauge 13"" x 18"" Open Bead Rim Stainless Steel Bun Pan / Sheet Pan";;$24.99;843018021496
https://www.webstaurantstore.com/bakers-mark-26-x-18-x-6-white-dough-proofing-set-with-aluminum-dolly-pack/176DB6W6SSKT.html;"Baker's Mark 26"" x 18"" x 6"" White Dough Proofing Set with Aluminum Dolly - 3/Pack";;$159.99;400015356923
https://www.webstaurantstore.com/bakers-mark-12-x-16-half-size-silicone-coated-parchment-paper-bun-sheet-pan-liner-sheet-case/433SLINER2.html;"Baker's Mark 12"" x 16"" Half Size Silicone Coated Parchment Paper Bun / Sheet Pan Liner Sheet - 1000/Case";;$42.47;400011265250
https://www.webstaurantstore.com/reversible-cupcake-muffin-insert-holds-1-muffin-or-jumbo-cupcake-case/245CUPIN1J.html;Baker's Mark Reversible Cupcake / Muffin Insert - Holds 1 Muffin or Jumbo Cupcake - 200/Case;;$12.90;707282243742
https://www.webstaurantstore.com/bakers-mark-9-x-1-3-16-extra-deep-foil-pie-pan-case/612PIE9EDEEP.html;"Baker's Mark 8 15/16"" x 1 1/4"" Extra Deep Foil Pie Pan - 500/Case";;$108.99;400011768621
https://www.webstaurantstore.com/bakers-mark-full-size-18-gauge-18-x-26-wire-in-rim-aluminum-sheet-pan-with-stainless-steel-footed-cooling-rack/176BPFCRKIT.html;"Baker's Mark Full Size 18 Gauge 18"" x 26"" Wire in Rim Aluminum Sheet Pan with Stainless Steel Footed Cooling Rack";;$35.49;400015251044
https://www.webstaurantstore.com/bakers-mark-eighth-size-non-stick-18-gauge-6-1-2-x-9-1-2-gold-wire-in-rim-aluminum-bun-sheet-pan-tray/407BUNEGHTGD.html;"Baker's Mark Eighth Size 18 Gauge Non-Stick 6 1/2"" x 9 1/2"" Gold Wire in Rim Aluminum Bun / Sheet Pan / Tray";;$9.41;400013371430
https://www.webstaurantstore.com/bakers-mark-5-foil-tart-pan-case/612TARTP5.html;"Baker's Mark 5"" Foil Tart Pan - 1000/Case";;$59.54;400013767936
https://www.webstaurantstore.com/bakers-mark-16-1-2-x-24-1-2-full-size-heavy-duty-silicone-mat/407MATSILFB.html;"Baker's Mark 16 1/2"" x 24 1/2"" Full Size Heavy Duty Silicone Non-Stick Baking Mat";;$16.98;400013353955
https://www.webstaurantstore.com/bakers-mark-1-4-sheet-foil-cake-pan-case/612PAN025.html;Baker's Mark 1/4 Sheet Foil Cake Pan - 100/Case;;$32.05;400013767608
https://www.webstaurantstore.com/bakers-mark-16-1-2-x-24-1-2-full-size-heavy-duty-green-silicone-non-stick-40-2-macaron-baking-mat/176MATSFGML.html;"Baker's Mark 16 1/2"" x 24 1/2"" Full Size Heavy-Duty Green Silicone Non-Stick (40) 2"" Macaron Baking Mat";;$20.99;400014275133
https://www.webstaurantstore.com/bakers-mark-quarter-size-non-stick-19-gauge-9-1-2-x-13-dark-blue-wire-in-rim-aluminum-bun-sheet-pan-tray/407BUNQRTRDB.html;"Baker's Mark Quarter Size 18 Gauge Non-Stick 9 1/2"" x 13"" Dark Blue Wire in Rim Aluminum Bun / Sheet Pan / Tray";;$11.10;400013371157
https://www.webstaurantstore.com/bakers-mark-quarter-size-non-stick-18-gauge-9-1-2-x-13-gold-wire-in-rim-aluminum-bun-sheet-pan-tray/407BUNQRTRGD.html;"Baker's Mark Quarter Size 18 Gauge Non-Stick 9 1/2"" x 13"" Gold Wire in Rim Aluminum Bun / Sheet Pan / Tray";;$11.10;400013371096
https://www.webstaurantstore.com/bakers-mark-6-x-6-x-3-white-auto-popup-window-bakery-box-pack/999663WB.html;"Baker's Mark 6"" x 6"" x 3"" White Auto-Popup Window Bakery Box - 10/Pack";;$5.59;400012736346
https://www.webstaurantstore.com/bakers-mark-eighth-size-non-stick-18-gauge-6-1-2-x-9-1-2-dark-blue-wire-in-rim-aluminum-bun-sheet-pan-tray/407BUNEGHTDB.html;"Baker's Mark Eighth Size 18 Gauge Non-Stick 6 1/2"" x 9 1/2"" Dark Blue Wire in Rim Aluminum Bun / Sheet Pan / Tray";;$9.41;400013371416
https://www.webstaurantstore.com/bakers-mark-9-5-8-x-1-3-16-deep-foil-pie-pan-case/612PIE10DEEP.html;"Baker's Mark 9 5/8"" x 1 1/8"" Deep Foil Pie Pan - 500/Case";;$122.99;400011768669
https://www.webstaurantstore.com/bakers-mark-26-x-18-x-3-white-dough-proofing-set-with-aluminum-dolly-pack/176DB6W3SSKT.html;"Baker's Mark 26"" x 18"" x 3"" White Dough Proofing Set with Aluminum Dolly - 6/Pack";;$198.49;400015356916
https://www.webstaurantstore.com/bakers-mark-panpal-12-x-16-half-size-silicone-coated-parchment-paper-bun-sheet-pan-liner-sheet-pack/999SLINER2.html;"Baker's Mark 12"" x 16"" Half Size Silicone Coated Parchment Paper Bun / Sheet Pan Liner Sheet - 100/Pack";;$7.59;400012850370
https://www.webstaurantstore.com/bakers-mark-quarter-size-non-stick-18-gauge-9-1-2-x-13-gray-wire-in-rim-aluminum-bun-sheet-pan/407BUNQRTRNS.html;"Baker's Mark Quarter Size Non-Stick 18 Gauge 9 1/2"" x 13"" Gray Wire in Rim Aluminum Bun / Sheet Pan";;$8.92;400010789368
https://www.webstaurantstore.com/bakers-mark-eighth-size-non-stick-18-gauge-6-1-2-x-9-1-2-gray-wire-in-rim-aluminum-bun-sheet-pan-tray/407BUNEGHTGY.html;"Baker's Mark Eighth Size 18 Gauge Non-Stick 6 1/2"" x 9 1/2"" Gray Wire in Rim Aluminum Bun / Sheet Pan / Tray";;$9.41;400013371386
https://www.webstaurantstore.com/bakers-mark-eighth-size-non-stick-18-gauge-6-1-2-x-9-1-2-red-wire-in-rim-aluminum-bun-sheet-pan-tray/407BUNEGHTRD.html;"Baker's Mark Eighth Size 18 Gauge Non-Stick 6 1/2"" x 9 1/2"" Red Wire in Rim Aluminum Bun / Sheet Pan / Tray";;$9.41;400013371393
https://www.webstaurantstore.com/bakers-mark-5-3-4-x-1-1-2-deep-foil-pot-pie-pan-case/612PIE6DEEP.html;"Baker's Mark 5 3/4"" x 1 5/8"" Deep Foil Pie Pan - 1000/Case";;$84.99;400011769703
https://www.webstaurantstore.com/12-x-8-x-2-1-4-white-auto-popup-window-donut-bakery-box-pack/9991282WB.html;"Baker's Mark 12"" x 8"" x 2 1/4"" White Auto-Popup Window Donut / Bakery Box - 10/Pack";;$8.79;400012736353
https://www.webstaurantstore.com/g/1603/baker-s-mark-5-clear-low-hinged-slice-container;"Baker's Mark 5"" Clear Low Hinged Slice Container";;$5.19;
https://www.webstaurantstore.com/bakers-mark-18-x-60-wall-mounted-ingredient-bin-epoxy-shelving-kit-with-5-clip-in-shelf-bins/176IBSE860WC.html;"Baker's Mark 18"" x 60"" Wall-Mounted Ingredient Bin Epoxy Shelving Kit with 5 Clip-In Shelf Bins";;$196.99;400015227780
https://www.webstaurantstore.com/bakers-mark-18-x-24-wall-mounted-ingredient-bin-shelving-kit-with-2-clip-in-shelf-bins/176IBSK824WC.html;"Baker's Mark 18"" x 24"" Wall-Mounted Ingredient Bin Shelving Kit with 2 Clip-In Shelf Bins";;$89.99;400015227698
https://www.webstaurantstore.com/bakers-mark-3-3-8-foil-tart-pan-case/612TARTP3.html;"Baker's Mark 3 3/8"" Foil Tart Pan - 2000/Case";;$66.94;400013767912
https://www.webstaurantstore.com/bakers-mark-8-1-4-x-11-3-4-quarter-size-heavy-duty-silicone-mat/407MATSILQRB.html;"Baker's Mark 8 1/4"" x 11 3/4"" Quarter Size Heavy Duty Silicone Non-Stick Baking Mat";;$5.95;400013353993
https://www.webstaurantstore.com/bakers-mark-10-corrugated-grease-proof-white-cake-circle-pack/999CCGR10.html;"Baker's Mark 10"" White Corrugated Grease-Resistant Cake Circle - 25/Pack";;$10.49;400013067814
https://www.webstaurantstore.com/bakers-mark-eighth-size-non-stick-18-gauge-6-1-2-x-9-1-2-orange-wire-in-rim-aluminum-bun-sheet-pan-tray/407BUNEGHTOR.html;"Baker's Mark Eighth Size 18 Gauge Non-Stick 6 1/2"" x 9 1/2"" Orange Wire in Rim Aluminum Bun / Sheet Pan / Tray";;$9.41;400013371447
https://www.webstaurantstore.com/bakers-mark-10-gallon-160-cup-yellow-ingredient-bin/176IBM3BYW.html;Baker's Mark 10 Gallon / 160 Cup Yellow Ingredient Bin;;$49.99;400015266482
https://www.webstaurantstore.com/bakers-mark-9-x-1-medium-depth-foil-pie-pan-pack/999PIE9MED.html;"Baker's Mark 9"" x 1"" Medium Depth Foil Pie Pan - 100/Pack";;$24.99;400010257553
https://www.webstaurantstore.com/8-x-5-3-4-x-2-1-2-white-auto-popup-window-cake-bakery-box-pack/999852WB.html;"Baker's Mark 8"" x 5 3/4"" x 2 1/2"" White Auto-Popup Window Cake / Bakery Box - 10/Pack";;$6.39;400013065612
https://www.webstaurantstore.com/bakers-mark-5-3-4-x-1-1-2-deep-foil-pot-pie-pan-pack/999PIE6DEEP.html;"Baker's Mark 5 3/4"" x 1 5/8"" Deep Foil Pot Pie Pan - 100/Pack";;$12.99;400010257027
https://www.webstaurantstore.com/bakers-mark-1-lb-white-1-piece-candy-box-pack/999100W.html;Baker's Mark 1 lb. White 1-Piece Auto-Popup Candy Box - 25/Pack;;$7.39;400010181926
https://www.webstaurantstore.com/g/1594/baker-s-mark-1-compartment-clear-ops-plastic-cupcake-muffin-container;Baker's Mark 1-Compartment Clear OPS Plastic Cupcake / Muffin Container;;$5.99;
https://www.webstaurantstore.com/bakers-mark-9-5-8-x-1-3-16-deep-foil-pie-pan-pack/999PIE10DKIT.html;"Baker's Mark 9 5/8"" x 1 3/16"" Deep Foil Pie Pan - 20/Pack";;$8.19;400011886110
https://www.webstaurantstore.com/8-x-8-x-4-kraft-auto-popup-window-cake-bakery-box-pack/999884WBK.html;"Baker's Mark 8"" x 8"" x 4"" Kraft Auto-Popup Window Cake / Bakery Box - 10/Pack";;$7.99;400013068545
https://www.webstaurantstore.com/9-x-4-x-3-1-2-white-auto-popup-window-donut-bakery-box-pack/999944WB.html;"Baker's Mark 9"" x 4"" x 3 1/2"" White Auto-Popup Window Donut / Bakery Box - 10/Pack";;$6.79;400012736384
https://www.webstaurantstore.com/bakers-mark-1-2-sheet-foil-cake-pan-case/612PAN050.html;Baker's Mark 1/2 Sheet Foil Cake Pan - 100/Case;;$74.46;400013767615
https://www.webstaurantstore.com/bakers-mark-14-x-10-corrugated-grease-proof-white-quarter-sheet-cake-pad-pack/999CCGR1410.html;"Baker's Mark 13 3/4"" x 9 3/4"" White Corrugated Grease-Resistant Quarter Sheet Cake Pad - 10/Pack";;$5.99;400013068019
https://www.webstaurantstore.com/bakers-mark-9-x-1-3-16-extra-deep-foil-pie-pan-pack/999PIE9EDEEP.html;"Baker's Mark 8 15/16"" x 1 1/4"" Extra Deep Foil Pie Pan - 125/Pack";;$38.49;400011770068
https://www.webstaurantstore.com/bakers-mark-6-x-15-16-medium-depth-foil-pie-pan-case/612PIE6MED.html;"Baker's Mark 5 7/8"" x 3/4"" Medium Depth Foil Pie Pan - 1000/Case";;$72.99;400011773380
https://www.webstaurantstore.com/bakers-mark-6-x-6-x-3-kraft-auto-popup-window-bakery-box-pack/999663WBK.html;"Baker's Mark 6"" x 6"" x 3"" Kraft Auto-Popup Window Bakery Box - 10/Pack";;$5.59;400015224482
https://www.webstaurantstore.com/bakers-mark-9-x-1-medium-depth-foil-pie-pan-case/612PIE9MED.html;"Baker's Mark 9"" x 1"" Medium Depth Foil Pie Pan - 1000/Case";;$172.49;400011769499
https://www.webstaurantstore.com/bakers-mark-eighth-size-non-stick-18-gauge-6-1-2-x-9-1-2-light-blue-wire-in-rim-aluminum-bun-sheet-pan-tray/407BUNEGHTLB.html;"Baker's Mark Eighth Size 18 Gauge Non-Stick 6 1/2"" x 9 1/2"" Light Blue Wire in Rim Aluminum Bun / Sheet Pan / Tray";;$9.41;400013371423
https://www.webstaurantstore.com/bakers-mark-quarter-size-non-stick-18-gauge-9-1-2-x-13-gray-wire-in-rim-aluminum-bun-sheet-pan-tray/407BUNQRTRGY.html;"Baker's Mark Quarter Size 18 Gauge Non-Stick 9 1/2"" x 13"" Gray Wire in Rim Aluminum Bun / Sheet Pan / Tray";;$11.10;400013371188
https://www.webstaurantstore.com/bakers-mark-16-1-2-x-24-1-2-full-size-heavy-duty-allergen-free-purple-silicone-non-stick-64-1-3-8-macaron-baking-mat/176MATSFPMS.html;"Baker's Mark 16 1/2"" x 24 1/2"" Full Size Heavy-Duty Allergen-Free Purple Silicone Non-Stick (64) 1 3/8"" Macaron Baking Mat";;$22.48;400014275140
https://www.webstaurantstore.com/16-x-12-x-2-1-4-white-auto-popup-window-donut-bakery-box-pack/99916122WB.html;"Baker's Mark 16"" x 12"" x 2 1/4"" White Auto-Popup Window Donut / Bakery Box - 10/Pack";;$11.49;400012736391
https://www.webstaurantstore.com/10-x-10-x-5-kraft-window-cake-bakery-box-pack/99910105WBK.html;"Baker's Mark 10"" x 10"" x 5"" Kraft Window Cake / Bakery Box - 10/Pack";;$9.89;400013068569
https://www.webstaurantstore.com/bakers-mark-6-x-1-13-16-extra-deep-foil-pie-pan-case/612PIE6EDEEP.html;"Baker's Mark 5 3/4"" x 1 3/4"" Extra Deep Foil Pie Pan - 1000/Case";;$94.49;
https://www.webstaurantstore.com/bakers-mark-11-3-4-x-16-1-2-half-size-heavy-duty-allergen-free-purple-silicone-non-stick-32-1-3-8-macaron-baking-mat/176MATSHPMS.html;"Baker's Mark 11 3/4"" x 16 1/2"" Half Size Heavy-Duty Allergen-Free Purple Silicone Non-Stick (32) 1 3/8"" Macaron Baking Mat";;$16.53;400014275201
https://www.webstaurantstore.com/bakers-mark-6-x-1-13-16-extra-deep-foil-pie-pan-pack/999PIE6EDEEP.html;"Baker's Mark 5 3/4"" x 1 3/4"" Extra Deep Foil Pie Pan - 100/Pack";;$14.49;400011770129
https://www.webstaurantstore.com/bakers-mark-16-x-24-full-size-quilon-coated-parchment-paper-bun-sheet-pan-liner-sheet-pack/999QLINER.html;"Baker's Mark 16"" x 24"" Full Size Quilon® Coated Parchment Paper Bun / Sheet Pan Liner Sheet - 50/Pack";;$3.89;400011152963
https://www.webstaurantstore.com/g/2586/baker-s-mark-9-high-dome-cake-display-container-with-clear-dome-lid;"Baker's Mark 9"" High Dome Cake Display Container with Clear Dome Lid";;$26.49;
https://www.webstaurantstore.com/bakers-mark-3-3-8-foil-tart-pan-pack/999TARTP3.html;"Baker's Mark 3 3/8"" Foil Tart Pan - 125/Pack";;$6.89;400014345638
https://www.webstaurantstore.com/bakers-mark-8-corrugated-grease-proof-white-cake-circle-pack/999CCGR8.html;"Baker's Mark 8"" White Corrugated Grease-Resistant Cake Circle - 25/Pack";;$7.79;400013067913
https://www.webstaurantstore.com/bakers-mark-8-x-1-1-8-deep-foil-pie-pan-case/612PIE8DEEP.html;"Baker's Mark 7 15/16"" x 1 1/8"" Deep Foil Pie Pan - 1000/Case";;$128.49;400011769604
https://www.webstaurantstore.com/bakers-mark-18-x-13-half-size-19-gauge-wire-in-rim-aluminum-bun-sheet-pan-with-2-high-aluminum-pan-extender/407BUN1116KT.html;"Baker's Mark 18"" x 13"" Half Size Extender and Bun Pan Sheet Cake Pan Set";;$22.49;400012403675
https://www.webstaurantstore.com/full-size-12-gauge-18-x-26-sanitary-open-bead-rim-heavy-duty-aluminum-bun-sheet-pan/407FULL12GO.html;"Baker's Mark Full Size NSF 12 Gauge 18"" x 26"" Open Bead / Semi-Curled Rim Aluminum Bun / Sheet Pan";;$15.54;789313001569
https://www.webstaurantstore.com/bakers-mark-16-1-2-x-24-1-2-full-size-heavy-duty-allergen-free-purple-indexed-silicone-non-stick-baking-mat/176MATSFPI.html;"Baker's Mark 16 1/2"" x 24 1/2"" Full Size Heavy-Duty Allergen-Free Purple Indexed Silicone Non-Stick Baking Mat";;$16.98;400014275102
https://www.webstaurantstore.com/bakers-mark-9-5-8-x-1-3-16-deep-foil-pie-pan-pack/999PIE10DEEP.html;"Baker's Mark 9 5/8"" x 1 1/8"" Deep Foil Pie Pan - 125/Pack";;$42.99;400010183364
https://www.webstaurantstore.com/g/1599/baker-s-mark-12-cup-hinged-ops-plastic-cupcake-muffin-container;Baker's Mark 12-Cup Hinged OPS Plastic Cupcake / Muffin Container;;$23.99;
https://www.webstaurantstore.com/g/1602/baker-s-mark-4-compartment-clear-ops-plastic-cupcake-muffin-container;Baker's Mark 4-Compartment Clear OPS Plastic Cupcake / Muffin Container;;$10.49;
https://www.webstaurantstore.com/bakers-mark-16-x-24-full-size-silicone-coated-parchment-paper-bun-sheet-pan-liner-sheet-pack/999SLINER.html;"Baker's Mark 16"" x 24"" Full Size Silicone Coated Parchment Paper Bun / Sheet Pan Liner Sheet - 100/Pack";;$9.79;400011400309
https://www.webstaurantstore.com/bakers-mark-10-gallon-160-cup-blue-ingredient-bin/176IBM3BBL.html;Baker's Mark 10 Gallon / 160 Cup Blue Ingredient Bin;;$49.99;400015266468
https://www.webstaurantstore.com/bakers-mark-11-3-4-x-16-1-2-half-size-heavy-duty-orange-indexed-silicone-non-stick-baking-mat/176MATSHOI.html;"Baker's Mark 11 3/4"" x 16 1/2"" Half Size Heavy-Duty Orange Indexed Silicone Non-Stick Baking Mat";;$8.99;400014275171
https://www.webstaurantstore.com/14-x-10-x-4-white-window-cake-bakery-box-pack/99914104WB.html;"Baker's Mark 14"" x 10"" x 4"" White Window Cake / Bakery Box - 10/Pack";;$11.49;400010966684
https://www.webstaurantstore.com/bakers-mark-6-corrugated-grease-proof-white-cake-circle-pack/999CCGR6.html;"Baker's Mark 6"" White Corrugated Grease-Resistant Cake Circle - 25/Pack";;$5.79;400013067937
https://www.webstaurantstore.com/bakers-mark-6-x-15-16-medium-depth-foil-pie-pan-pack/999PIE6MED.html;"Baker's Mark 5 7/8"" x 3/4"" Medium Depth Foil Pie Pan - 100/Pack";;$11.49;400011627584
https://www.webstaurantstore.com/bakers-mark-16-1-2-x-24-1-2-full-size-heavy-duty-green-silicone-non-stick-64-1-3-8-macaron-baking-mat/176MATSFGMS.html;"Baker's Mark 16 1/2"" x 24 1/2"" Full Size Heavy-Duty Green Silicone Non-Stick (64) 1 3/8"" Macaron Baking Mat";;$20.99;400014275126
https://www.webstaurantstore.com/bakers-mark-eighth-size-non-stick-18-gauge-6-1-2-x-9-1-2-green-wire-in-rim-aluminum-bun-sheet-pan-tray/407BUNEGHTGN.html;"Baker's Mark Eighth Size 18 Gauge Non-Stick 6 1/2"" x 9 1/2"" Green Wire in Rim Aluminum Bun / Sheet Pan / Tray";;$9.41;400013371409
https://www.webstaurantstore.com/bakers-mark-12-x-1-3-8-extra-deep-foil-pie-pan-pack/999PIE12EKIT.html;"Baker's Mark 12"" x 1 3/8"" Extra Deep Foil Pie Pan - 20/Pack";;$10.49;400011886127
https://www.webstaurantstore.com/bakers-mark-5-compartment-sub-sandwich-silicone-bread-mold-12-x-2-15-16-cavities/407PRFSUB5.html;"Baker's Mark 5 Compartment Sub Sandwich Silicone Bread Mold - 12"" x 2 15/16"" Cavities";;$22.37;400011378844
https://www.webstaurantstore.com/14-x-10-x-4-kraft-quarter-sheet-auto-popup-window-cake-bakery-box-pack/99914104WBK.html;"Baker's Mark 14"" x 10"" x 4"" Kraft Quarter Sheet Auto-Popup Window Cake / Bakery Box - 10/Pack";;$12.49;400013068514
https://www.webstaurantstore.com/9-x-7-x-3-1-2-white-window-cake-bakery-box-pack/999973WB.html;"Baker's Mark 9"" x 7"" x 3 1/2"" White Window Cake / Bakery Box - 10/Pack";;$8.19;400010966691
https://www.webstaurantstore.com/10-1-4-x-8-x-4-white-auto-popup-window-cake-donut-bakery-box-pack/9991084WB.html;"Baker's Mark 10 1/4"" x 8"" x 4"" White Auto-Popup Window Cake / Donut / Bakery Box - 10/Pack";;$9.59;400012767708
https://www.webstaurantstore.com/bakers-mark-half-size-18-gauge-13-x-18-wire-in-rim-aluminum-sheet-pan-with-stainless-steel-footed-cooling-rack/176BUNHALFKT.html;"Baker's Mark Half Size 18 Gauge 13"" x 18"" Wire in Rim Aluminum Sheet Pan with Stainless Steel Footed Cooling Rack";;$23.49;400015251037
https://www.webstaurantstore.com/bakers-mark-16-1-2-x-24-1-2-full-size-heavy-duty-allergen-free-purple-silicone-non-stick-40-2-macaron-baking-mat/176MATSFPML.html;"Baker's Mark 16 1/2"" x 24 1/2"" Full Size Heavy-Duty Allergen-Free Purple Silicone Non-Stick (40) 2"" Macaron Baking Mat";;$22.48;400014275157
https://www.webstaurantstore.com/bakers-mark-12-x-12-x-5-white-window-cake-bakery-box-pack/99912125WB.html;"Baker's Mark 12"" x 12"" x 5"" White Window Cake / Bakery Box - 10/Pack";;$12.99;400015224468
https://www.webstaurantstore.com/bakers-mark-9-x-12-quarter-size-unbleached-quilon-coated-parchment-paper-bun-sheet-pan-liner-sheet-case/433NLINER3.html;"Baker's Mark 9"" x 12"" Quarter Size Unbleached Quilon® Coated Parchment Paper Bun / Sheet Pan Liner Sheet - 1000/Case";;$17.22;400014212183
https://www.webstaurantstore.com/bakers-mark-10-gallon-160-cup-purple-ingredient-bin/176IBM3BPR.html;Baker's Mark 10 Gallon / 160 Cup Purple Ingredient Bin;;$52.99;400015266901
https://www.webstaurantstore.com/bakers-mark-1-4-lb-white-1-piece-auto-popup-candy-box-pack/999025.html;Baker's Mark 1/4 lb. White 1-Piece Auto-Popup Candy Box - 25/Pack;;$5.49;400013007629
https://www.webstaurantstore.com/bakers-mark-6-x-6-x-3-kraft-pie-bakery-box-pack/999663CBK.html;"Baker's Mark 6"" x 6"" x 3"" Kraft Pie / Bakery Box - 10/Pack";;$3.59;400015224499
https://www.webstaurantstore.com/bakers-mark-11-3-4-x-16-1-2-half-size-heavy-duty-allergen-free-purple-silicone-non-stick-20-2-macaron-baking-mat/176MATSHPML.html;"Baker's Mark 11 3/4"" x 16 1/2"" Half Size Heavy-Duty Allergen-Free Purple Silicone Non-Stick (20) 2"" Macaron Baking Mat";;$16.53;400014275218
https://www.webstaurantstore.com/bakers-mark-19-x-14-corrugated-grease-resistant-white-half-sheet-cake-pad-pack/999CCGR1914.html;"Baker's Mark 19"" x 14"" White Corrugated Grease-Resistant Half Sheet Cake Pad - 10/Pack";;$9.79;400013068064
https://www.webstaurantstore.com/g/2584/baker-s-mark-8-high-dome-cake-display-container-with-clear-dome-lid;"Baker's Mark 8"" High Dome Cake Display Container with Clear Dome Lid";;$25.99;
https://www.webstaurantstore.com/bakers-mark-8-x-1-1-8-deep-foil-pie-pan-pack/999PIE8DEEP.html;"Baker's Mark 7 15/16"" x 1 1/8"" Deep Foil Pie Pan - 100/Pack";;$18.99;400011770105
https://www.webstaurantstore.com/bakers-mark-5-foil-tart-pan-pack/999TARTP5.html;"Baker's Mark 5"" Foil Tart Pan - 125/Pack";;$10.99;400014345652
https://www.webstaurantstore.com/bakers-mark-11-3-4-x-16-1-2-half-size-heavy-duty-green-silicone-non-stick-32-1-3-8-macaron-baking-mat/176MATSHGMS.html;"Baker's Mark 11 3/4"" x 16 1/2"" Half Size Heavy-Duty Green Silicone Non-Stick (32) 1 3/8"" Macaron Baking Mat";;$15.57;400014275188
https://www.webstaurantstore.com/bakers-mark-18-x-26-full-size-19-gauge-wire-in-rim-aluminum-bun-sheet-pan-with-2-high-aluminum-pan-extender/407BUN1624KT.html;"Baker's Mark 18"" x 26"" Full Size Extender and Bun Pan Sheet Cake Pan Set";;$27.99;400012403668
https://www.webstaurantstore.com/bakers-mark-1-2-lb-white-1-piece-candy-box-pack/999050W.html;Baker's Mark 1/2 lb. White 1-Piece Auto-Popup Candy Box - 25/Pack;;$6.29;400012748707
https://www.webstaurantstore.com/g/1604/baker-s-mark-6-cup-high-dome-hinged-ops-plastic-cupcake-muffin-container;Baker's Mark 6-Cup High Dome Hinged OPS Plastic Cupcake / Muffin Container;;$8.29;
https://www.webstaurantstore.com/bakers-mark-9-x-12-quarter-size-quilon-coated-parchment-paper-bun-sheet-pan-liner-sheet-case/433QLINER3.html;"Baker's Mark 9"" x 12"" Quarter Size Quilon® Coated Parchment Paper Bun / Sheet Pan Liner Sheet - 1000/Case";;$15.01;400014212114
https://www.webstaurantstore.com/bakers-mark-1-1-2-lb-glazed-aluminized-steel-pullman-bread-loaf-pan-with-sliding-cover-13-x-4-x-4/176PP13415KT.html;"Baker's Mark 1 1/2 lb. Glazed Aluminized Steel Pullman Bread Loaf Pan with Sliding Cover - 13"" x 4"" x 4""";;$26.53;400015512480
https://www.webstaurantstore.com/4-1-2-x-4-1-2-x-4-1-2-white-window-cupcake-bakery-box-pack/999444WBXL.html;"Baker's Mark 4 1/2"" x 4 1/2"" x 4 1/2"" White Window Cupcake / Bakery Box - 10/Pack";;$6.59;400010966646
https://www.webstaurantstore.com/bakers-mark-11-3-4-x-16-1-2-half-size-heavy-duty-green-silicone-non-stick-20-2-macaron-baking-mat/176MATSHGML.html;"Baker's Mark 11 3/4"" x 16 1/2"" Half Size Heavy-Duty Green Silicone Non-Stick (20) 2"" Macaron Baking Mat";;$15.57;400014275195
https://www.webstaurantstore.com/bakers-mark-white-1-piece-candy-apple-box-with-window-pack/999444WCAB.html;Baker's Mark White 1-Piece Candy Apple Box with Window - 10/Pack;;$4.99;400012214608
https://www.webstaurantstore.com/bakers-mark-ingredient-bin-labels/176IBL1.html;Baker's Mark Ingredient Bin Labels;;$2.99;400015230025
https://www.webstaurantstore.com/bakers-mark-18-x-26-x-3-red-heavy-duty-polypropylene-dough-proofing-box/176DB18263RD.html;"Baker's Mark 18"" x 26"" x 3"" Red Heavy-Duty Polypropylene Dough Proofing Box";;$15.84;400015351041
https://www.webstaurantstore.com/6-x-4-1-2-x-2-3-4-white-cake-bakery-box-pack/999653CB.html;"Baker's Mark 6"" x 4 1/2"" x 2 3/4"" White Cake / Bakery Box - 10/Pack";;$3.39;400013065377
https://www.webstaurantstore.com/bakers-mark-25-1-2-x-17-1-2-corrugated-grease-proof-white-full-sheet-cake-pad-pack/999CCGR2518.html;"Baker's Mark 25 1/2"" x 17 1/2"" White Corrugated Grease-Resistant Full Sheet Cake Pad - 10/Pack";;$14.99;400013068101
https://www.webstaurantstore.com/g/2581/baker-s-mark-10-low-dome-cake-display-container-with-clear-dome-lid;"Baker's Mark 10"" Low Dome Cake Display Container with Clear Dome Lid";;$28.49;
https://www.webstaurantstore.com/14-x-10-x-4-white-auto-popup-window-cake-bakery-box-pack/99914104WBA.html;"Baker's Mark 14"" x 10"" x 4"" White Auto-Popup Window Cake / Bakery Box - 10/Pack";;$13.49;400011963163
https://www.webstaurantstore.com/bakers-mark-9-x-9-x-4-kraft-auto-popup-window-bakery-box-pack/999994WBK.html;"Baker's Mark 9"" x 9"" x 4"" Kraft Auto-Popup Window Bakery Box - 10/Pack";;$9.19;400015224505
https://www.webstaurantstore.com/bakers-mark-9-x-12-quarter-size-quilon-coated-parchment-paper-bun-sheet-pan-liner-sheet-pack/999QLINER3.html;"Baker's Mark 9"" x 12"" Quarter Size Quilon® Coated Parchment Paper Bun / Sheet Pan Liner Sheet - 100/Pack";;$3.79;400014212176
https://www.webstaurantstore.com/g/1601/baker-s-mark-2-compartment-clear-ops-plastic-cupcake-muffin-container;Baker's Mark 2-Compartment Clear OPS Plastic Cupcake / Muffin Container;;$8.89;
https://www.webstaurantstore.com/bakers-mark-9-corrugated-grease-resistant-white-cake-circle-pack/999CCGR9.html;"Baker's Mark 9"" White Corrugated Grease-Resistant Cake Circle - 25/Pack";;$8.99;400013067777
https://www.webstaurantstore.com/bakers-mark-12-x-1-3-8-extra-deep-foil-pie-pan-pack/999PIE12EDEP.html;"Baker's Mark 11 3/4"" x 1 3/8"" Extra Deep Foil Pie Pan - 100/Pack";;$46.49;400010190324
https://www.webstaurantstore.com/19-x-14-x-4-kraft-half-sheet-cake-bakery-box-pack/99919144CBK.html;"Baker's Mark 19"" x 14"" x 4"" Kraft Half Sheet Cake / Bakery Box - 10/Pack";;$16.99;400013064707
https://www.webstaurantstore.com/bakers-mark-16-x-24-full-size-quilon-coated-parchment-paper-bun-sheet-pan-liner-sheet-case/433QLINER.html;"Baker's Mark 16"" x 24"" Full Size Quilon® Coated Parchment Paper Bun / Sheet Pan Liner Sheet - 1000/Case";;$34.49;400011130558
https://www.webstaurantstore.com/bakers-mark-9-1-2-x-13-quarter-size-extender-and-bun-pan-sheet-cake-pan-set/407BUN912KT.html;"Baker's Mark 9 1/2"" x 13"" Quarter Size Extender and Bun Pan Sheet Cake Pan Set";;$16.49;400015271752
https://www.webstaurantstore.com/bakers-mark-8-1-4-x-11-3-4-quarter-size-heavy-duty-orange-indexed-silicone-non-stick-baking-mat/176MATSQO.html;"Baker's Mark 8 1/4"" x 11 3/4"" Quarter Size Heavy-Duty Orange Indexed Silicone Non-Stick Baking Mat";;$5.96;400014275256
https://www.webstaurantstore.com/bakers-mark-11-3-4-x-16-1-2-half-size-heavy-duty-allergen-free-purple-indexed-silicone-non-stick-baking-mat/176MATSHPI.html;"Baker's Mark 11 3/4"" x 16 1/2"" Half Size Heavy-Duty Allergen-Free Purple Indexed Silicone Non-Stick Baking Mat";;$8.99;400014275164
https://www.webstaurantstore.com/bakers-mark-12-x-1-3-8-extra-deep-foil-pie-pan-case/612PIE12EDEP.html;"Baker's Mark 11 3/4"" x 1 3/8"" Extra Deep Foil Pie Pan - 500/Case";;$166.49;
https://www.webstaurantstore.com/bakers-mark-14-corrugated-grease-resistant-white-cake-circle-pack/999CCGR14.html;"Baker's Mark 14"" White Corrugated Grease-Resistant Cake Circle - 25/Pack";;$17.99;400013067821
https://www.webstaurantstore.com/bakers-mark-18-x-26-x-3-green-heavy-duty-polypropylene-dough-proofing-box/176DB18263GN.html;"Baker's Mark 18"" x 26"" x 3"" Green Heavy-Duty Polypropylene Dough Proofing Box";;$15.84;400015351065
https://www.webstaurantstore.com/bakers-mark-full-size-sheet-foil-cake-pan-case/612PAN100.html;Baker's Mark Full Size sheet Foil Cake Pan - 25/Case;;$70.26;400013767639
https://www.webstaurantstore.com/bakers-mark-7-corrugated-grease-resistant-white-cake-circle-pack/999CCGR7.html;"Baker's Mark 7"" White Corrugated Grease-Resistant Cake Circle - 25/Pack";;$6.79;400013067951
https://www.webstaurantstore.com/19-x-14-x-4-kraft-half-sheet-window-cake-bakery-box-pack/99919144WBK.html;"Baker's Mark 19"" x 14"" x 4"" Kraft Half Sheet Window Cake / Bakery Box - 10/Pack";;$18.99;400013064776
https://www.webstaurantstore.com/g/1600/baker-s-mark-12-compartment-clear-ops-hinged-mini-cupcake-mini-muffin-container;Baker's Mark 12-Compartment Clear OPS Hinged Mini Cupcake / Mini Muffin Container;;$9.99;
https://www.webstaurantstore.com/bakers-mark-11-3-4-x-16-1-2-half-size-heavy-duty-perforated-silicone-non-stick-baking-mat/176MATSHOPRF.html;"Baker's Mark 11 3/4"" x 16 1/2"" Half Size Heavy-Duty Perforated Silicone Non-Stick Baking Mat";;$13.98;400014275232
https://www.webstaurantstore.com/g/2580/baker-s-mark-10-high-dome-cake-display-container-with-clear-dome-lid;"Baker's Mark 10"" High Dome Cake Display Container with Clear Dome Lid";;$33.49;
https://www.webstaurantstore.com/15-x-11-1-2-x-2-1-4-white-auto-popup-donut-bakery-box-pack/99915112CB.html;"Baker's Mark 15"" x 11 1/2"" x 2 1/4"" White Auto-Popup Donut / Bakery Box - 10/Pack";;$8.49;400011963118
https://www.webstaurantstore.com/g/2587/baker-s-mark-9-low-dome-cake-display-container-with-clear-dome-lid;"Baker's Mark 9"" Low Dome Cake Display Container with Clear Dome Lid";;$26.49;
https://www.webstaurantstore.com/bakers-mark-1-4-sheet-foil-cake-pan-pack/999PAN025.html;Baker's Mark 1/4 Sheet Foil Cake Pan - 25/Pack;;$11.99;400014040342
https://www.webstaurantstore.com/g/2585/baker-s-mark-8-low-dome-cake-display-container-with-clear-dome-lid;"Baker's Mark 8"" Low Dome Cake Display Container with Clear Dome Lid";;$25.49;
https://www.webstaurantstore.com/g/1605/baker-s-mark-8-high-dome-half-cake-container-with-dome-lid;"Baker's Mark 8"" High Dome Half Cake Container with Dome Lid";;$18.99;
https://www.webstaurantstore.com/20-x-14-1-2-x-4-pink-half-sheet-cake-bakery-box-pack/99920154CBP.html;"Baker's Mark 20"" x 14 1/2"" x 4"" Pink Half Sheet Cake / Bakery Box - 10/Pack";;$17.49;400013064820
https://www.webstaurantstore.com/bakers-mark-ingredient-bin-labels-for-baking-flours-and-sugars/176IBL2B.html;Baker's Mark Ingredient Bin Labels for Baking Flours and Sugars;;$2.99;400015230032
https://www.webstaurantstore.com/bakers-mark-24-cup-hinged-ops-plastic-cupcake-muffin-container-pack/999CC24CMP.html;Baker's Mark 24-Cup Hinged OPS Plastic Cupcake / Muffin Container - 25/Pack;;$46.31;400013887344
https://www.webstaurantstore.com/bakers-mark-24-x-16-full-size-unbleached-quilon-coated-parchment-paper-bun-sheet-pan-liner-sheet-pack/999NLINER.html;"Baker's Mark 24"" x 16"" Full Size Unbleached Quilon® Coated Parchment Paper Bun / Sheet Pan Liner Sheet - 50/Pack";;$4.19;400011931223
https://www.webstaurantstore.com/bakers-mark-ingredient-bin-labels-for-bakery-ingredients/176IBL5B.html;Baker's Mark Ingredient Bin Labels for Bakery Ingredients;;$2.99;400015230063
https://www.webstaurantstore.com/g/1598/baker-s-mark-10-black-pie-container-with-clear-low-dome-lid;"Baker's Mark 10"" Black Pie Container with Clear Low Dome Lid";;$28.99;
https://www.webstaurantstore.com/bakers-mark-1-2-sheet-foil-cake-pan-pack/999PAN050.html;Baker's Mark 1/2 Sheet Foil Cake Pan - 25/Pack;;$25.49;400014040359
https://www.webstaurantstore.com/bakers-mark-24-cup-hinged-ops-plastic-cupcake-muffin-container-case/826CC24CMP.html;Baker's Mark 24-Cup Hinged OPS Plastic Cupcake / Muffin Container - 50/Case;;$82.49;400013887337
https://www.webstaurantstore.com/bakers-mark-16-corrugated-grease-resistant-white-cake-circle-pack/999CCGR16.html;"Baker's Mark 16"" White Corrugated Grease-Resistant Cake Circle - 25/Pack";;$20.99;400013067852
https://www.webstaurantstore.com/bakers-mark-4-1-4-foil-tart-pan-pack/999TARTP4.html;"Baker's Mark 4 1/4"" Foil Tart Pan - 125/Pack";;$10.99;400014345645
https://www.webstaurantstore.com/4-1-2-x-4-1-2-x-4-1-2-white-cupcake-bakery-box-pack/999444CBXL.html;"Baker's Mark 4 1/2"" x 4 1/2"" x 4 1/2"" White Cupcake / Bakery Box - 10/Pack";;$4.69;400010966516
https://www.webstaurantstore.com/bakers-mark-1-2-size-low-dome-sheet-cake-display-container-with-clear-dome-lid-case/826CT12SLO.html;Baker's Mark 1/2 Size Low Dome Sheet Cake Display Container with Clear Dome Lid - 25/Case;;$83.10;400013887856
https://www.webstaurantstore.com/bakers-mark-2-lb-glazed-aluminized-steel-pullman-bread-loaf-pan-with-sliding-cover-16-x-4-x-4/176PP1642KT.html;"Baker's Mark 2 lb. Glazed Aluminized Steel Pullman Bread Loaf Pan with Sliding Cover - 16"" x 4"" x 4""";;$26.52;400015512497
https://www.webstaurantstore.com/bakers-mark-9-x-12-quarter-size-unbleached-quilon-coated-parchment-paper-bun-sheet-pan-liner-sheet-pack/999NLINER3.html;"Baker's Mark 9"" x 12"" Quarter Size Unbleached Quilon® Coated Parchment Paper Bun / Sheet Pan Liner Sheet - 100/Pack";;$3.99;400014335103
https://www.webstaurantstore.com/bakers-mark-printed-1-piece-candy-apple-box-with-window-pack/999444WCABD.html;Baker's Mark Printed 1-Piece Candy Apple Box with Window - 10/Pack;;$6.99;400012214530
https://www.webstaurantstore.com/g/2582/baker-s-mark-7-high-dome-cake-display-container-with-clear-dome-lid;"Baker's Mark 7"" High Dome Cake Display Container with Clear Dome Lid";;$22.49;
https://www.webstaurantstore.com/bakers-mark-18-x-26-x-3-blue-heavy-duty-polypropylene-dough-proofing-box/176DB18263BL.html;"Baker's Mark 18"" x 26"" x 3"" Blue Heavy-Duty Polypropylene Dough Proofing Box";;$15.84;400015351072
https://www.webstaurantstore.com/bakers-mark-8-1-4-x-11-3-4-quarter-size-heavy-duty-allergen-free-purple-indexed-silicone-non-stick-baking-mat/176MATSQP.html;"Baker's Mark 8 1/4"" x 11 3/4"" Quarter Size Heavy-Duty Allergen-Free Purple Indexed Silicone Non-Stick Baking Mat";;$5.96;400014275249
https://www.webstaurantstore.com/g/1595/baker-s-mark-1-4-size-high-dome-sheet-cake-display-container-with-clear-dome-lid;Baker's Mark 1/4 Size High Dome Sheet Cake Display Container with Clear Dome Lid;;$38.49;
https://www.webstaurantstore.com/bakers-mark-allergen-free-silicone-band-for-21-gallon-mobile-and-32-gallon-round-ingredient-bins/176IBB21AF.html;"Baker's Mark ""Allergen Free"" Silicone Band for 21 Gallon Mobile and 32 Gallon Round Ingredient Bins";;$19.99;400015437820
https://www.webstaurantstore.com/bakers-mark-18-x-26-x-3-purple-heavy-duty-polypropylene-dough-proofing-box/176DB18263PL.html;"Baker's Mark 18"" x 26"" x 3"" Purple Heavy-Duty Polypropylene Dough Proofing Box";;$15.84;400015351089
https://www.webstaurantstore.com/g/1606/baker-s-mark-9-black-pie-container-with-clear-high-dome-lid;"Baker's Mark 9"" Black Pie Container with Clear High Dome Lid";;$22.12;
https://www.webstaurantstore.com/bakers-mark-12-x-8-x-2-1-4-white-auto-popup-donut-bakery-box-pack/9991282CB.html;"Baker's Mark 12"" x 8"" x 2 1/4"" White Auto-Popup Donut / Bakery Box - 10/Pack";;$6.49;400015224475
https://www.webstaurantstore.com/g/1607/baker-s-mark-9-black-pie-container-with-clear-low-dome-lid;"Baker's Mark 9"" Black Pie Container with Clear Low Dome Lid";;$19.99;
https://www.webstaurantstore.com/bakers-mark-18-x-26-x-3-yellow-heavy-duty-polypropylene-dough-proofing-box/176DB18263YL.html;"Baker's Mark 18"" x 26"" x 3"" Yellow Heavy-Duty Polypropylene Dough Proofing Box";;$15.84;400015351058
https://www.webstaurantstore.com/g/2583/baker-s-mark-7-low-dome-cake-display-container-with-clear-dome-lid;"Baker's Mark 7"" Low Dome Cake Display Container with Clear Dome Lid";;$20.99;
https://www.webstaurantstore.com/g/1597/baker-s-mark-10-black-pie-container-with-clear-high-dome-lid;"Baker's Mark 10"" Black Pie Container with Clear High Dome Lid";;$21.49;
https://www.webstaurantstore.com/bakers-mark-4-1-4-foil-tart-pan-case/612TARTP4.html;"Baker's Mark 4 1/4"" Foil Tart Pan - 1000/Case";;$61.18;400013767929
https://www.webstaurantstore.com/bakers-mark-ingredient-bin-labels-for-asian-restaurant-ingredients/176IBL7A.html;Baker's Mark Ingredient Bin Labels for Asian Restaurant Ingredients;;$2.99;400015230087
https://www.webstaurantstore.com/bakers-mark-21-gallon-335-cup-allergen-free-white-slant-top-mobile-ingredient-storage-bin-with-sliding-lid-scoop/176BIN21GLA.html;"Baker's Mark 21 Gallon / 335 Cup ""Allergen Free"" White Slant Top Mobile Ingredient Storage Bin with Sliding Lid & Scoop";;$149.99;400015440608
https://www.webstaurantstore.com/bakers-mark-full-size-sheet-foil-cake-pan-pack/999PAN100.html;Baker's Mark Full Size sheet Foil Cake Pan - 5/Pack;;$20.99;400014040366
https://www.webstaurantstore.com/bakers-mark-1-2-size-low-dome-sheet-cake-display-container-with-clear-dome-lid-pack/999CT12SLO.html;Baker's Mark 1/2 Size Low Dome Sheet Cake Display Container with Clear Dome Lid - 5/Pack;;$21.99;400013887863
https://www.webstaurantstore.com/bakers-mark-18-x-36-ingredient-bin-epoxy-shelving-kit-with-9-clip-in-shelf-bins/176IBSE1836C.html;"Baker's Mark 18"" x 36"" Ingredient Bin Epoxy Shelving Kit with 9 Clip-In Shelf Bins";;$629.00;400015227728
https://www.webstaurantstore.com/bakers-mark-18-x-36-ingredient-bin-shelving-kit-with-9-clip-in-shelf-bins/176IBSK1836C.html;"Baker's Mark 18"" x 36"" Ingredient Bin Shelving Kit with 9 Clip-In Shelf Bins";;$629.00;400014228702
https://www.webstaurantstore.com/bakers-mark-24-x-36-blue-translucent-indexed-silicone-non-stick-work-mat/176WMATSBCRC.html;"Baker's Mark 24"" x 36"" Blue Translucent Indexed Silicone Non-Stick Work Mat";;$23.49;400014275263
https://www.webstaurantstore.com/bakers-mark-1-2-size-high-dome-sheet-cake-display-container-with-clear-dome-lid-case/826CT12SHD.html;Baker's Mark 1/2 Size High Dome Sheet Cake Display Container with Clear Dome Lid - 25/Case;;$86.99;400013887832
https://www.webstaurantstore.com/bakers-mark-18-x-24-wall-mounted-ingredient-bin-epoxy-shelving-kit-with-2-clip-in-shelf-bins/176IBSE824WC.html;"Baker's Mark 18"" x 24"" Wall-Mounted Ingredient Bin Epoxy Shelving Kit with 2 Clip-In Shelf Bins";;$89.99;400015227773
https://www.webstaurantstore.com/bakers-mark-ingredient-bin-labels-for-gluten-free-ingredients/176IBL3GF.html;Baker's Mark Ingredient Bin Labels for Gluten Free Ingredients;;$2.99;400015230049
https://www.webstaurantstore.com/g/1596/baker-s-mark-1-4-size-low-dome-sheet-cake-display-container-with-clear-dome-lid;Baker's Mark 1/4 Size Low Dome Sheet Cake Display Container with Clear Dome Lid;;$36.99;
https://www.webstaurantstore.com/bakers-mark-1-2-size-high-dome-sheet-cake-display-container-with-clear-dome-lid-pack/999CT12SHD.html;Baker's Mark 1/2 Size High Dome Sheet Cake Display Container with Clear Dome Lid - 5/Pack;;$22.49;400013887849
https://www.webstaurantstore.com/bakers-mark-ingredient-bin-labels-for-baking-toppings-and-add-ins/176IBL4T.html;Baker's Mark Ingredient Bin Labels for Baking Toppings and Add-Ins;;$2.99;400015230056
https://www.webstaurantstore.com/bakers-mark-18-x-72-ingredient-bin-epoxy-shelving-kit-with-15-clip-in-shelf-bins/176IBSE1872C.html;"Baker's Mark 18"" x 72"" Ingredient Bin Epoxy Shelving Kit with 15 Clip-In Shelf Bins";;$1,069.00;400015227766
https://www.webstaurantstore.com/bakers-mark-18-x-48-ingredient-bin-epoxy-shelving-kit-with-10-clip-in-shelf-bins/176IBSE1848C.html;"Baker's Mark 18"" x 48"" Ingredient Bin Epoxy Shelving Kit with 10 Clip-In Shelf Bins";;$739.00;400015227742
https://www.webstaurantstore.com/bakers-mark-18-x-60-ingredient-bin-epoxy-shelving-kit-with-12-clip-in-shelf-bins/176IBSE1860C.html;"Baker's Mark 18"" x 60"" Ingredient Bin Epoxy Shelving Kit with 12 Clip-In Shelf Bins";;$859.00;400015227759
https://www.webstaurantstore.com/bakers-mark-clear-21-gallon-ingredient-bin-lid/176BIN21LID.html;Baker's Mark Clear 21 Gallon Ingredient Bin Lid;;$45.99;400012292187
https://www.webstaurantstore.com/bakers-mark-full-size-polypropylene-bun-sheet-pan-cover-nsf/176BUNFULLCV.html;Baker's Mark Full Size Polypropylene Bun / Sheet Pan Cover - NSF;;$10.49;400015276467
https://www.webstaurantstore.com/bakers-mark-18-x-36-wall-mounted-ingredient-bin-epoxy-shelving-kit-with-3-clip-in-shelf-bins/176IBSE836WC.html;"Baker's Mark 18"" x 36"" Wall-Mounted Ingredient Bin Epoxy Shelving Kit with 3 Clip-In Shelf Bins";;$126.49;400015227735
https://www.webstaurantstore.com/bakers-mark-18-x-26-dough-proofing-box-lid/176DB1826LID.html;"Baker's Mark 18"" x 26"" White Heavy-Duty Polypropylene Dough Proofing Box Lid";;$9.20;400013697707
https://www.webstaurantstore.com/bakers-mark-27-gallon-ingredient-bin-lid/176BIN27LID.html;Baker's Mark 27 Gallon Ingredient Bin Lid;;$45.99;400012451713
https://www.webstaurantstore.com/bakers-mark-32-gallon-510-cup-white-round-ingredient-bin-lid/176IBRLID32W.html;Baker's Mark 32 Gallon / 510 Cup White Round Ingredient Bin Lid;;$10.99;10400014172132
https://www.webstaurantstore.com/bakers-mark-ingredient-bin-labels-for-pizzeria-ingredients/176IBL6P.html;Baker's Mark Ingredient Bin Labels for Pizzeria Ingredients;;$2.99;400015230070
https://www.webstaurantstore.com/2-high-quarter-size-aluminum-sheet-pan-extender/327FSPA811.html;"Baker's Mark 2"" High Quarter-Size Aluminum Sheet Pan Extender";;$9.80;10811642042955
https://www.webstaurantstore.com/bakers-mark-327fspa1624-2-high-full-size-aluminum-pan-extender/327FSPA1624.html;"Baker's Mark 2"" High Full-Size Aluminum Sheet Pan Extender";;$17.02;843018023711
https://www.webstaurantstore.com/bakers-mark-shelf-clips-for-100-and-200-cup-shelf-ingredient-bin/176IBCLIP.html;Baker's Mark Shelf Clips for 100 and 200 Cup Shelf Ingredient Bin;;$13.49;400014228641
https://www.webstaurantstore.com/bakers-mark-18-x-24-ingredient-bin-epoxy-shelving-kit-with-5-clip-in-shelf-bins/176IBSE1824C.html;"Baker's Mark 18"" x 24"" Ingredient Bin Epoxy Shelving Kit with 5 Clip-In Shelf Bins";;$404.49;400015227711
https://www.webstaurantstore.com/bakers-mark-327fspa1116-2-high-half-size-aluminum-pan-extender/327FSPA1116.html;"Baker's Mark 2"" High Half-Size Aluminum Sheet Pan Extender";;$14.10;10811642042948
https://www.webstaurantstore.com/bakers-mark-10-gallon-160-cup-ingredient-bin-lid/176IBM3BLID.html;Baker's Mark 10 Gallon / 160 Cup Ingredient Bin Lid;;$14.99;400015266499
https://www.webstaurantstore.com/bakers-mark-20-gallon-320-cup-white-round-ingredient-bin-lid/176IBRLID20W.html;Baker's Mark 20 Gallon / 320 Cup White Round Ingredient Bin Lid;;$7.89;400014172128
https://www.webstaurantstore.com/bakers-mark-1-2-size-polypropylene-bun-sheet-pan-cover-nsf/176BUNHALFCV.html;Baker's Mark 1/2 Size Polypropylene Bun / Sheet Pan Cover - NSF;;$6.50;789313021369
https://www.webstaurantstore.com/bakers-mark-32-gallon-510-cup-white-square-ingredient-bin-lid/17632SQLID.html;Baker's Mark 32 Gallon / 510 Cup White Square Ingredient Bin Lid;;$11.49;400014184848
https://www.webstaurantstore.com/bakers-mark-12-x-12-solid-non-stick-basket-for-rapid-cook-ovens/433TBS1212.html;"Baker's Mark 12"" x 12"" Solid Non-Stick Basket for Rapid Cook Ovens";;$19.99;400014334625
https://www.webstaurantstore.com/bakers-mark-3-swivel-plate-caster-with-brake/176BINCSTSW.html;"Baker's Mark 3"" Swivel Plate Caster with Brake";;$12.99;400012648953
https://www.webstaurantstore.com/bakers-mark-1-4-size-polypropylene-bun-sheet-pan-cover-nsf/176BUNQRTRCV.html;Baker's Mark 1/4 Size Polypropylene Bun / Sheet Pan Cover - NSF;;$3.99;789313050413
https://www.webstaurantstore.com/bakers-mark-clear-replacement-lid-for-6-25-gallon-shelf-ingredient-bin/176BIN100LID.html;Baker's Mark Clear Replacement Lid for 6.25 Gallon Shelf Ingredient Bin;;$21.99;400011771478
https://www.webstaurantstore.com/bakers-mark-10-gallon-160-cup-white-round-ingredient-bin-lid/176IBRLID10W.html;Baker's Mark 10 Gallon / 160 Cup White Round Ingredient Bin Lid;;$6.79;10400014172118
https://www.webstaurantstore.com/bakers-mark-11-x-8-3-4-solid-non-stick-basket-for-rapid-cook-ovens/433BSD11875.html;"Baker's Mark 11"" x 8 3/4"" Solid Non-Stick Basket for Rapid Cook Ovens";;$27.99;400014334717
https://www.webstaurantstore.com/bakers-mark-20-gallon-320-cup-purple-allergen-safe-round-ingredient-bin-lid/176IBRLID20P.html;Baker's Mark 20 Gallon / 320 Cup Purple Allergen-Safe Round Ingredient Bin Lid;;$7.89;400014172159
https://www.webstaurantstore.com/bakers-mark-clear-replacement-lid-for-12-63-gallon-shelf-ingredient-bin/176BIN200LID.html;Baker's Mark Clear Replacement Lid for 12.63 Gallon Shelf Ingredient Bin;;$39.99;400011771492
https://www.webstaurantstore.com/bakers-mark-3-fixed-plate-caster/176BINCSTFXD.html;"Baker's Mark 3"" Fixed Plate Caster";;$9.99;400012648960
https://www.webstaurantstore.com/bakers-mark-shelf-clips-for-40-cup-shelf-ingredient-bin/176IBCLIP40.html;Baker's Mark Shelf Clips for 40 Cup Shelf Ingredient Bin;;$7.39;400014228689
https://www.webstaurantstore.com/bakers-mark-12-x-12-loose-weave-non-stick-mesh-screen/433SLW1212.html;"Baker's Mark 12"" x 12"" Loose Weave Non-Stick Mesh Screen";;$11.99;400012458910
https://www.webstaurantstore.com/bakers-mark-clear-replacement-lid-for-2-63-gallon-shelf-ingredient-bin/176BIN40LID.html;Baker's Mark Clear Replacement Lid for 2.63 Gallon Shelf Ingredient Bin;;$13.99;400011771461
https://www.webstaurantstore.com/bakers-mark-13-1-2-x-11-1-2-solid-non-stick-basket-for-rapid-cook-ovens/433TBS115135.html;"Baker's Mark 13 1/2"" x 11 1/2"" Solid Non-Stick Basket for Rapid Cook Ovens";;$18.99;400014334649
https://www.webstaurantstore.com/bakers-mark-13-1-2-x-13-1-2-tight-weave-mesh-non-stick-basket-for-rapid-cook-ovens/433TBTW13513.html;"Baker's Mark 13 1/2"" x 13 1/2"" Tight Weave Mesh Non-Stick Basket for Rapid Cook Ovens";;$18.99;400014334519
https://www.webstaurantstore.com/bakers-mark-10-gallon-160-cup-purple-allergen-safe-round-ingredient-bin-lid/176IBRLID10P.html;Baker's Mark 10 Gallon / 160 Cup Purple Allergen-Safe Round Ingredient Bin Lid;;$6.79;10400014172149
https://www.webstaurantstore.com/bakers-mark-1-8-size-polypropylene-bun-sheet-pan-cover-nsf/176BUNEIGHCV.html;Baker's Mark 1/8 Size Polypropylene Bun / Sheet Pan Cover - NSF;;$3.00;400015276498
https://www.webstaurantstore.com/bakers-mark-11-1-2-x-8-1-2-loose-weave-mesh-non-stick-basket-for-rapid-cook-ovens/433TBLW85115.html;"Baker's Mark 11 1/2"" x 8 1/2"" Loose Weave Mesh Non-Stick Basket for Rapid Cook Ovens";;$22.99;400014334663
https://www.webstaurantstore.com/bakers-mark-11-x-5-1-2-solid-non-stick-basket-for-rapid-cook-ovens/433TBS1155.html;"Baker's Mark 11"" x 5 1/2"" Solid Non-Stick Basket for Rapid Cook Ovens";;$29.99;400014334632
https://www.webstaurantstore.com/bakers-mark-12-x-10-tight-weave-mesh-non-stick-basket-for-rapid-cook-ovens/433TBTW1012.html;"Baker's Mark 12"" x 10"" Tight Weave Mesh Non-Stick Basket for Rapid Cook Ovens";;$27.99;400014334533
https://www.webstaurantstore.com/bakers-mark-13-1-2-x-13-1-2-loose-weave-mesh-non-stick-basket-for-rapid-cook-ovens/433TBLW13513.html;"Baker's Mark 13 1/2"" x 13 1/2"" Loose Weave Mesh Non-Stick Basket for Rapid Cook Ovens";;$18.99;400014334687
https://www.webstaurantstore.com/bakers-mark-12-x-6-tight-weave-mesh-non-stick-basket-for-rapid-cook-ovens/433TBTW612.html;"Baker's Mark 12"" x 6"" Tight Weave Mesh Non-Stick Basket for Rapid Cook Ovens";;$27.99;400014334496
https://www.webstaurantstore.com/bakers-mark-14-x-16-loose-weave-non-stick-mesh-screen/433SLW1416.html;"Baker's Mark 14"" x 16"" Loose Weave Non-Stick Mesh Screen";;$13.49;400012458927
https://www.webstaurantstore.com/bakers-mark-11-x-7-solid-non-stick-basket-for-rapid-cook-ovens/433TBS711.html;"Baker's Mark 11"" x 7"" Solid Non-Stick Basket for Rapid Cook Ovens";;$29.99;400014334557
https://www.webstaurantstore.com/bakers-mark-14-1-4-x-6-1-2-solid-non-stick-basket-for-rapid-cook-ovens/433TBS651425.html;"Baker's Mark 14 1/4"" x 6 1/2"" Solid Non-Stick Basket for Rapid Cook Ovens";;$32.99;400014334564
https://www.webstaurantstore.com/bakers-mark-13-x-12-solid-non-stick-basket-for-rapid-cook-ovens/433TBS1213.html;"Baker's Mark 13"" x 12"" Solid Non-Stick Basket for Rapid Cook Ovens";;$34.99;400014334618
https://www.webstaurantstore.com/bakers-mark-13-1-2-x-11-loose-weave-mesh-non-stick-basket-for-rapid-cook-ovens/433TBLW11135.html;"Baker's Mark 13 1/2"" x 11"" Loose Weave Mesh Non-Stick Basket for Rapid Cook Ovens";;$29.99;400014334694
https://www.webstaurantstore.com/bakers-mark-14-x-14-loose-weave-non-stick-mesh-screen/433SLW1414.html;"Baker's Mark 14"" x 14"" Loose Weave Non-Stick Mesh Screen";;$14.49;400012458934
https://www.webstaurantstore.com/bakers-mark-14-1-2-x-13-1-2-tight-weave-mesh-non-stick-basket-for-rapid-cook-ovens/433TBTW14513.html;"Baker's Mark 14 1/2"" x 13 1/2"" Tight Weave Mesh Non-Stick Basket for Rapid Cook Ovens";;$18.99;400014334502
https://www.webstaurantstore.com/bakers-mark-5-1-2-x-5-1-2-solid-non-stick-basket-for-rapid-cook-ovens/433TBS5555.html;"Baker's Mark 5 1/2"" x 5 1/2"" Solid Non-Stick Basket for Rapid Cook Ovens";;$26.99;400014334571
https://www.webstaurantstore.com/bakers-mark-26-x-18-yellow-heavy-duty-polypropylene-dough-proofing-box-lid/176DB1826LDY.html;"Baker's Mark 26"" x 18"" Yellow Heavy-Duty Polypropylene Dough Proofing Box Lid";;$10.43;400015351102
https://www.webstaurantstore.com/bakers-mark-11-1-2-x-8-1-2-solid-non-stick-basket-for-rapid-cook-ovens/433TBS85115.html;"Baker's Mark 11 1/2"" x 8 1/2"" Solid Non-Stick Basket for Rapid Cook Ovens";;$22.99;400014334540
https://www.webstaurantstore.com/bakers-mark-14-1-2-x-13-1-2-loose-weave-mesh-non-stick-basket-for-rapid-cook-ovens/433TBLW14513.html;"Baker's Mark 14 1/2"" x 13 1/2"" Loose Weave Mesh Non-Stick Basket for Rapid Cook Ovens";;$32.99;400014334670
https://www.webstaurantstore.com/bakers-mark-13-x-13-solid-non-stick-basket-for-rapid-cook-ovens/433TBS1313.html;"Baker's Mark 13"" x 13"" Solid Non-Stick Basket for Rapid Cook Ovens";;$29.99;400014334601
https://www.webstaurantstore.com/bakers-mark-26-x-18-green-heavy-duty-polypropylene-dough-proofing-box-lid/176DB1826LDG.html;"Baker's Mark 26"" x 18"" Green Heavy-Duty Polypropylene Dough Proofing Box Lid";;$10.43;400015351119
https://www.webstaurantstore.com/bakers-mark-26-x-18-purple-heavy-duty-polypropylene-dough-proofing-box-lid/176DB1826LDP.html;"Baker's Mark 26"" x 18"" Purple Heavy-Duty Polypropylene Dough Proofing Box Lid";;$10.43;400015351133
https://www.webstaurantstore.com/bakers-mark-11-x-11-solid-non-stick-basket-for-rapid-cook-ovens/433TBS1111.html;"Baker's Mark 11"" x 11"" Solid Non-Stick Basket for Rapid Cook Ovens";;$28.99;400014334656
https://www.webstaurantstore.com/bakers-mark-13-1-2-x-13-1-2-solid-non-stick-basket-for-rapid-cook-ovens/433TBS135135.html;"Baker's Mark 13 1/2"" x 13 1/2"" Solid Non-Stick Basket for Rapid Cook Ovens";;$27.99;400014334595
https://www.webstaurantstore.com/bakers-mark-32-gallon-510-cup-purple-allergen-safe-round-ingredient-bin-lid/176IBRLID32P.html;Baker's Mark 32 Gallon / 510 Cup Purple Allergen-Safe Round Ingredient Bin Lid;;$10.99;10400014172163
https://www.webstaurantstore.com/bakers-mark-26-x-18-blue-heavy-duty-polypropylene-dough-proofing-box-lid/176DB1826LDB.html;"Baker's Mark 26"" x 18"" Blue Heavy-Duty Polypropylene Dough Proofing Box Lid";;$10.43;400015351126
https://www.webstaurantstore.com/bakers-mark-11-x-11-loose-weave-mesh-non-stick-basket-for-rapid-cook-ovens/433TBLW1111.html;"Baker's Mark 11"" x 11"" Loose Weave Mesh Non-Stick Basket for Rapid Cook Ovens";;$22.99;400014334700
https://www.webstaurantstore.com/bakers-mark-13-1-2-x-11-1-2-tight-weave-mesh-non-stick-basket-for-rapid-cook-ovens/433TBTW11513.html;"Baker's Mark 13 1/2"" x 11 1/2"" Tight Weave Mesh Non-Stick Basket for Rapid Cook Ovens";;$19.49;400014334526
https://www.webstaurantstore.com/bakers-mark-14-3-8-x-13-3-8-loose-weave-non-stick-mesh-screen/433SLW143133.html;"Baker's Mark 14 3/8"" x 13 3/8"" Loose Weave Non-Stick Mesh Screen";;$14.49;400012458941
https://www.webstaurantstore.com/bakers-mark-12-x-11-loose-weave-non-stick-mesh-screen/433SLW1211.html;"Baker's Mark 12"" x 11"" Loose Weave Non-Stick Mesh Screen";;$13.99;400012458958
https://www.webstaurantstore.com/bakers-mark-13-1-2-x-13-1-2-loose-weave-non-stick-mesh-screen/433SLW135135.html;"Baker's Mark 13 1/2"" x 13 1/2"" Loose Weave Non-Stick Mesh Screen";;$13.49;400012458972
https://www.webstaurantstore.com/bakers-mark-14-1-2-x-13-1-2-solid-non-stick-basket-for-rapid-cook-ovens/433TBS145135.html;"Baker's Mark 14 1/2"" x 13 1/2"" Solid Non-Stick Basket for Rapid Cook Ovens";;$23.99;400014334588
https://www.webstaurantstore.com/bakers-mark-black-square-dolly-deck/4741104466.html;Baker's Mark Black Square Dolly Deck;;$19.49;000011044666
https://www.webstaurantstore.com/bakers-mark-white-swivel-caster-with-ball-bearing/4740259320.html;Baker's Mark White Swivel Caster with Ball Bearing;;$5.49;
https://www.webstaurantstore.com/bakers-mark-clear-replacement-lid-for-2-63-gallon-40-cup-shelf-ingredient-bin/176IB40LID.html;Baker's Mark Clear Replacement Lid for 2.63 Gallon / 40 Cup Shelf Ingredient Bin;;$13.99;400015181037
https://www.webstaurantstore.com/bakers-mark-clear-replacement-lid-for-12-63-gallon-200-cup-shelf-ingredient-bin/176IB200LID.html;Baker's Mark Clear Replacement Lid for 12.63 Gallon / 200 Cup Shelf Ingredient Bin;;$39.99;400015181013
https://www.webstaurantstore.com/solwave-13-1-2-x-13-1-2-loose-weave-non-stick-mesh-screen/180SLW135135.html;"Solwave 13 1/2"" x 13 1/2"" Loose Weave Non-Stick Mesh Screen";;$21.49;400012458965
https://www.webstaurantstore.com/bakers-mark-clear-replacement-lid-for-6-25-gallon-100-cup-shelf-ingredient-bin/176IB100LID.html;Baker's Mark Clear Replacement Lid for 6.25 Gallon / 100 Cup Shelf Ingredient Bin;;$24.99;400015181006
